with_gt	judge	method	dataset	subset	seeds	n_preds	n_test	n_missing	n_null_step	step_acc	agent_acc	agent_acc_substring	family	train_seed
False	deepseek-8b	oat.s42	correct-error	arc	17,18,19	304	152.0	0	0.0	0.8289473684210527	0.8421052631578947	0.8421052631578947	oat	42
False	deepseek-8b	oat.s42	correct-error	gaia	17,18,19	50	25.0	0	0.0	0.5066666666666667	0.7200000000000001	0.7200000000000001	oat	42
False	deepseek-8b	oat.s42	correct-error	hotpot	17,18,19	578	289.0	0	0.0	0.4002306805074971	0.7035755478662052	0.7035755478662052	oat	42
False	deepseek-8b	oat.s42	correct-error	math500	17,18,19	157	79.0	0	0.0	0.5147679324894514	0.510548523206751	0.510548523206751	oat	42
False	deepseek-8b	oat.s42	correct-error	mmlu_pro	17,18,19	92	46.0	0	0.0	0.7173913043478262	0.8115942028985508	0.8115942028985508	oat	42
False	deepseek-8b	oat.s42	correct-error	musique	17,18,19	312	156.0	0	0.0	0.34188034188034183	0.6752136752136751	0.6752136752136751	oat	42
False	deepseek-8b	oat.s42	correct-error	wikimqa	17,18,19	733	367.0	0	0.0	0.3623978201634877	0.5858310626702997	0.5858310626702997	oat	42
False	deepseek-8b	oat.s42	traceelephant	captain	22,23,24	85	43.0	0	0.0	0.17829457364341086	0.5193798449612402	0.5193798449612402	oat	42
False	deepseek-8b	oat.s42	traceelephant	magentic	15,16,17	91	46.0	0	0.0	0.13768115942028986	0.6521739130434783	0.6521739130434783	oat	42
False	deepseek-8b	oat.s42	ww	algorithm-generated	3,4,5	126	63.0	0	0.0	0.13227513227513227	0.4497354497354497	0.4497354497354497	oat	42
False	deepseek-8b	oat.s42	ww	hand-crafted	13,14,15	58	29.0	0	0.0	0.19540229885057472	0.5862068965517241	0.5862068965517241	oat	42
False	deepseek-8b	oat.s43	correct-error	arc	17,18,19	304	152.0	0	0.0	0.8245614035087719	0.8442982456140351	0.8442982456140351	oat	43
False	deepseek-8b	oat.s43	correct-error	gaia	17,18,19	50	25.0	0	0.0	0.5066666666666667	0.7200000000000001	0.7200000000000001	oat	43
False	deepseek-8b	oat.s43	correct-error	hotpot	17,18,19	578	289.0	0	0.0	0.4163783160322953	0.7012687427912341	0.7012687427912341	oat	43
False	deepseek-8b	oat.s43	correct-error	math500	17,18,19	157	79.0	0	0.0	0.5189873417721519	0.5063291139240507	0.5063291139240507	oat	43
False	deepseek-8b	oat.s43	correct-error	mmlu_pro	17,18,19	92	46.0	0	0.0	0.7101449275362319	0.7971014492753623	0.7971014492753623	oat	43
False	deepseek-8b	oat.s43	correct-error	musique	17,18,19	312	156.0	0	0.0	0.35683760683760685	0.6495726495726496	0.6495726495726496	oat	43
False	deepseek-8b	oat.s43	correct-error	wikimqa	17,18,19	733	367.0	0	0.0	0.3814713896457766	0.594913714804723	0.594913714804723	oat	43
False	deepseek-8b	oat.s43	traceelephant	captain	22,23,24	85	43.0	0	0.0	0.16279069767441862	0.49612403100775193	0.49612403100775193	oat	43
False	deepseek-8b	oat.s43	traceelephant	magentic	15,16,17	91	46.0	0	0.0	0.13043478260869565	0.6376811594202899	0.6376811594202899	oat	43
False	deepseek-8b	oat.s43	ww	algorithm-generated	3,4,5	126	63.0	0	0.0	0.12169312169312169	0.4021164021164021	0.4021164021164021	oat	43
False	deepseek-8b	oat.s43	ww	hand-crafted	13,14,15	58	29.0	0	0.0	0.14942528735632185	0.5287356321839081	0.5287356321839081	oat	43
False	deepseek-8b	oat.s44	correct-error	arc	17,18,19	304	152.0	0	0.0	0.831140350877193	0.8442982456140351	0.8442982456140351	oat	44
False	deepseek-8b	oat.s44	correct-error	gaia	17,18,19	50	25.0	0	0.0	0.5066666666666667	0.7466666666666667	0.7466666666666667	oat	44
False	deepseek-8b	oat.s44	correct-error	hotpot	17,18,19	578	289.0	0	0.0	0.4186851211072664	0.6966551326412919	0.6966551326412919	oat	44
False	deepseek-8b	oat.s44	correct-error	math500	17,18,19	157	79.0	0	0.0	0.5063291139240507	0.510548523206751	0.510548523206751	oat	44
False	deepseek-8b	oat.s44	correct-error	mmlu_pro	17,18,19	92	46.0	0	0.0	0.6956521739130435	0.8188405797101449	0.8188405797101449	oat	44
False	deepseek-8b	oat.s44	correct-error	musique	17,18,19	312	156.0	0	0.0	0.36752136752136755	0.6837606837606837	0.6837606837606837	oat	44
False	deepseek-8b	oat.s44	correct-error	wikimqa	17,18,19	733	367.0	0	0.0	0.3751135331516802	0.5967302452316076	0.5967302452316076	oat	44
False	deepseek-8b	oat.s44	traceelephant	captain	22,23,24	85	43.0	0	0.0	0.17829457364341086	0.4573643410852713	0.4573643410852713	oat	44
False	deepseek-8b	oat.s44	traceelephant	magentic	15,16,17	91	46.0	0	0.0	0.13043478260869565	0.6159420289855073	0.6159420289855073	oat	44
False	deepseek-8b	oat.s44	ww	algorithm-generated	3,4,5	126	63.0	0	0.0	0.12169312169312169	0.42328042328042326	0.42328042328042326	oat	44
False	deepseek-8b	oat.s44	ww	hand-crafted	13,14,15	58	29.0	0	0.0	0.14942528735632185	0.5747126436781609	0.5747126436781609	oat	44
False	deepseek-8b	oat.s45	correct-error	arc	17,18,19	304	152.0	0	0.0	0.8355263157894738	0.8552631578947368	0.8552631578947368	oat	45
False	deepseek-8b	oat.s45	correct-error	gaia	17,18,19	50	25.0	0	0.0	0.48	0.68	0.68	oat	45
False	deepseek-8b	oat.s45	correct-error	hotpot	17,18,19	578	289.0	0	0.0	0.4175317185697809	0.7058823529411765	0.7058823529411765	oat	45
False	deepseek-8b	oat.s45	correct-error	math500	17,18,19	157	79.0	0	0.0	0.5189873417721519	0.5189873417721519	0.5189873417721519	oat	45
False	deepseek-8b	oat.s45	correct-error	mmlu_pro	17,18,19	92	46.0	0	0.0	0.7101449275362319	0.7971014492753623	0.7971014492753623	oat	45
False	deepseek-8b	oat.s45	correct-error	musique	17,18,19	312	156.0	0	0.0	0.3461538461538461	0.6752136752136751	0.6752136752136751	oat	45
False	deepseek-8b	oat.s45	correct-error	wikimqa	17,18,19	733	367.0	0	0.0	0.3569482288828338	0.5794732061762035	0.5794732061762035	oat	45
False	deepseek-8b	oat.s45	traceelephant	captain	22,23,24	85	43.0	0	0.0	0.20155038759689922	0.5116279069767442	0.5116279069767442	oat	45
False	deepseek-8b	oat.s45	traceelephant	magentic	15,16,17	91	46.0	0	0.0	0.12318840579710144	0.6231884057971014	0.6231884057971014	oat	45
False	deepseek-8b	oat.s45	ww	algorithm-generated	3,4,5	126	63.0	0	0.0	0.13227513227513227	0.4444444444444444	0.4444444444444444	oat	45
False	deepseek-8b	oat.s45	ww	hand-crafted	13,14,15	58	29.0	0	0.0	0.1149425287356322	0.5747126436781609	0.5747126436781609	oat	45
False	deepseek-8b	oat.s46	correct-error	arc	17,18,19	304	152.0	0	0.0	0.831140350877193	0.8552631578947368	0.8552631578947368	oat	46
False	deepseek-8b	oat.s46	correct-error	gaia	17,18,19	50	25.0	0	0.0	0.4533333333333333	0.7066666666666667	0.7066666666666667	oat	46
False	deepseek-8b	oat.s46	correct-error	hotpot	17,18,19	578	289.0	0	0.0	0.40369088811995385	0.6931949250288351	0.6931949250288351	oat	46
False	deepseek-8b	oat.s46	correct-error	math500	17,18,19	157	79.0	0	0.0	0.49789029535864976	0.48945147679324896	0.48945147679324896	oat	46
False	deepseek-8b	oat.s46	correct-error	mmlu_pro	17,18,19	92	46.0	0	0.0	0.7246376811594203	0.7971014492753623	0.7971014492753623	oat	46
False	deepseek-8b	oat.s46	correct-error	musique	17,18,19	312	156.0	0	0.0	0.3461538461538462	0.6688034188034188	0.6688034188034188	oat	46
False	deepseek-8b	oat.s46	correct-error	wikimqa	17,18,19	733	367.0	0	0.0	0.3651226158038147	0.5812897366030881	0.5812897366030881	oat	46
False	deepseek-8b	oat.s46	traceelephant	captain	22,23,24	85	43.0	0	0.0	0.17829457364341086	0.5193798449612403	0.5193798449612403	oat	46
False	deepseek-8b	oat.s46	traceelephant	magentic	15,16,17	91	46.0	0	0.0	0.13043478260869565	0.6666666666666666	0.6666666666666666	oat	46
False	deepseek-8b	oat.s46	ww	algorithm-generated	3,4,5	126	63.0	0	0.0	0.12698412698412698	0.3968253968253968	0.3968253968253968	oat	46
False	deepseek-8b	oat.s46	ww	hand-crafted	13,14,15	58	29.0	0	0.0	0.1839080459770115	0.5517241379310345	0.5517241379310345	oat	46
False	deepseek-8b	stepfinder.s42	correct-error	arc	17,18,19	304	152.0	0	0.0	0.75	0.8530701754385964	0.8530701754385964	stepfinder	42
False	deepseek-8b	stepfinder.s42	correct-error	gaia	17,18,19	50	25.0	0	0.0	0.4266666666666667	0.7733333333333334	0.7733333333333334	stepfinder	42
False	deepseek-8b	stepfinder.s42	correct-error	hotpot	17,18,19	578	289.0	0	0.0	0.1510957324106113	0.7104959630911187	0.7104959630911187	stepfinder	42
False	deepseek-8b	stepfinder.s42	correct-error	math500	17,18,19	157	79.0	0	0.0	0.39662447257383965	0.5232067510548523	0.5232067510548523	stepfinder	42
False	deepseek-8b	stepfinder.s42	correct-error	mmlu_pro	17,18,19	92	46.0	0	0.0	0.6449275362318841	0.7971014492753623	0.7971014492753623	stepfinder	42
False	deepseek-8b	stepfinder.s42	correct-error	musique	17,18,19	312	156.0	0	0.0	0.1581196581196581	0.7008547008547009	0.7008547008547009	stepfinder	42
False	deepseek-8b	stepfinder.s42	correct-error	wikimqa	17,18,19	733	367.0	0	0.0	0.06630336058128973	0.6821071752951862	0.6821071752951862	stepfinder	42
False	deepseek-8b	stepfinder.s42	traceelephant	captain	22,23,24	85	43.0	0	0.0	0.18604651162790697	0.5658914728682171	0.5658914728682171	stepfinder	42
False	deepseek-8b	stepfinder.s42	traceelephant	magentic	15,16,17	91	46.0	0	0.0	0.057971014492753624	0.5942028985507246	0.5942028985507246	stepfinder	42
False	deepseek-8b	stepfinder.s42	ww	algorithm-generated	3,4,5	126	63.0	0	0.0	0.2169312169312169	0.5132275132275131	0.5132275132275131	stepfinder	42
False	deepseek-8b	stepfinder.s42	ww	hand-crafted	13,14,15	58	29.0	0	0.0	0.13793103448275862	0.4252873563218391	0.4252873563218391	stepfinder	42
False	deepseek-8b	stepfinder.s43	correct-error	arc	17,18,19	304	152.0	0	0.0	0.4868421052631579	0.5635964912280702	0.5635964912280702	stepfinder	43
False	deepseek-8b	stepfinder.s43	correct-error	gaia	17,18,19	50	25.0	0	0.0	0.21333333333333335	0.5333333333333333	0.5333333333333333	stepfinder	43
False	deepseek-8b	stepfinder.s43	correct-error	hotpot	17,18,19	578	289.0	0	0.0	0.21107266435986158	0.6332179930795848	0.6332179930795848	stepfinder	43
False	deepseek-8b	stepfinder.s43	correct-error	math500	17,18,19	157	79.0	0	0.0	0.2995780590717299	0.3206751054852321	0.3206751054852321	stepfinder	43
False	deepseek-8b	stepfinder.s43	correct-error	mmlu_pro	17,18,19	92	46.0	0	0.0	0.38405797101449274	0.5434782608695652	0.5434782608695652	stepfinder	43
False	deepseek-8b	stepfinder.s43	correct-error	musique	17,18,19	312	156.0	0	0.0	0.19444444444444442	0.6004273504273504	0.6004273504273504	stepfinder	43
False	deepseek-8b	stepfinder.s43	correct-error	wikimqa	17,18,19	733	367.0	0	0.0	0.1298819255222525	0.6194368755676658	0.6194368755676658	stepfinder	43
False	deepseek-8b	stepfinder.s43	traceelephant	captain	22,23,24	85	43.0	0	0.0	0.11627906976744186	0.37209302325581395	0.37209302325581395	stepfinder	43
False	deepseek-8b	stepfinder.s43	traceelephant	magentic	15,16,17	91	46.0	0	0.0	0.0	0.3043478260869565	0.3043478260869565	stepfinder	43
False	deepseek-8b	stepfinder.s43	ww	algorithm-generated	3,4,5	126	63.0	0	0.0	0.25396825396825395	0.5185185185185185	0.5185185185185185	stepfinder	43
False	deepseek-8b	stepfinder.s43	ww	hand-crafted	13,14,15	58	29.0	0	0.0	0.034482758620689655	0.28735632183908044	0.28735632183908044	stepfinder	43
False	deepseek-8b	stepfinder.s44	correct-error	arc	17,18,19	304	152.0	0	0.0	0.6666666666666666	0.7434210526315791	0.7434210526315791	stepfinder	44
False	deepseek-8b	stepfinder.s44	correct-error	gaia	17,18,19	50	25.0	0	0.0	0.48	0.7733333333333334	0.7733333333333334	stepfinder	44
False	deepseek-8b	stepfinder.s44	correct-error	hotpot	17,18,19	578	289.0	0	0.0	0.22606689734717414	0.6424452133794695	0.6424452133794695	stepfinder	44
False	deepseek-8b	stepfinder.s44	correct-error	math500	17,18,19	157	79.0	0	0.0	0.569620253164557	0.6540084388185654	0.6540084388185654	stepfinder	44
False	deepseek-8b	stepfinder.s44	correct-error	mmlu_pro	17,18,19	92	46.0	0	0.0	0.7246376811594203	0.8043478260869565	0.8043478260869565	stepfinder	44
False	deepseek-8b	stepfinder.s44	correct-error	musique	17,18,19	312	156.0	0	0.0	0.21153846153846154	0.5897435897435898	0.5897435897435898	stepfinder	44
False	deepseek-8b	stepfinder.s44	correct-error	wikimqa	17,18,19	733	367.0	0	0.0	0.15985467756584923	0.6848319709355132	0.6848319709355132	stepfinder	44
False	deepseek-8b	stepfinder.s44	traceelephant	captain	22,23,24	85	43.0	0	0.0	0.046511627906976744	0.2558139534883721	0.2558139534883721	stepfinder	44
False	deepseek-8b	stepfinder.s44	traceelephant	magentic	15,16,17	91	46.0	0	0.0	0.028985507246376812	0.41304347826086957	0.41304347826086957	stepfinder	44
False	deepseek-8b	stepfinder.s44	ww	algorithm-generated	3,4,5	126	63.0	0	0.0	0.17460317460317457	0.49206349206349204	0.49206349206349204	stepfinder	44
False	deepseek-8b	stepfinder.s44	ww	hand-crafted	13,14,15	58	29.0	0	0.0	0.06896551724137931	0.367816091954023	0.367816091954023	stepfinder	44
False	deepseek-8b	stepfinder.s45	correct-error	arc	17,18,19	304	152.0	0	0.0	0.6315789473684211	0.7039473684210527	0.7039473684210527	stepfinder	45
False	deepseek-8b	stepfinder.s45	correct-error	gaia	17,18,19	50	25.0	0	0.0	0.4666666666666666	0.7066666666666667	0.7066666666666667	stepfinder	45
False	deepseek-8b	stepfinder.s45	correct-error	hotpot	17,18,19	578	289.0	0	0.0	0.20184544405997693	0.6885813148788927	0.6885813148788927	stepfinder	45
False	deepseek-8b	stepfinder.s45	correct-error	math500	17,18,19	157	79.0	0	0.0	0.5063291139240507	0.6033755274261603	0.6033755274261603	stepfinder	45
False	deepseek-8b	stepfinder.s45	correct-error	mmlu_pro	17,18,19	92	46.0	0	0.0	0.6014492753623188	0.7101449275362319	0.7101449275362319	stepfinder	45
False	deepseek-8b	stepfinder.s45	correct-error	musique	17,18,19	312	156.0	0	0.0	0.17094017094017092	0.6752136752136751	0.6752136752136751	stepfinder	45
False	deepseek-8b	stepfinder.s45	correct-error	wikimqa	17,18,19	733	367.0	0	0.0	0.1444141689373297	0.6693914623069936	0.6693914623069936	stepfinder	45
False	deepseek-8b	stepfinder.s45	traceelephant	captain	22,23,24	85	43.0	0	0.0	0.2170542635658915	0.5038759689922481	0.5038759689922481	stepfinder	45
False	deepseek-8b	stepfinder.s45	traceelephant	magentic	15,16,17	91	46.0	0	0.0	0.07246376811594203	0.5	0.5	stepfinder	45
False	deepseek-8b	stepfinder.s45	ww	algorithm-generated	3,4,5	126	63.0	0	0.0	0.1111111111111111	0.43915343915343913	0.43915343915343913	stepfinder	45
False	deepseek-8b	stepfinder.s45	ww	hand-crafted	13,14,15	58	29.0	0	0.0	0.16091954022988506	0.5057471264367815	0.5057471264367815	stepfinder	45
False	deepseek-8b	stepfinder.s46	correct-error	arc	17,18,19	304	152.0	0	0.0	0.6754385964912281	0.7982456140350878	0.7982456140350878	stepfinder	46
False	deepseek-8b	stepfinder.s46	correct-error	gaia	17,18,19	50	25.0	0	0.0	0.3866666666666667	0.7733333333333334	0.7733333333333334	stepfinder	46
False	deepseek-8b	stepfinder.s46	correct-error	hotpot	17,18,19	578	289.0	0	0.0	0.17993079584775087	0.7081891580161477	0.7081891580161477	stepfinder	46
False	deepseek-8b	stepfinder.s46	correct-error	math500	17,18,19	157	79.0	0	0.0	0.5443037974683543	0.6244725738396625	0.6244725738396625	stepfinder	46
False	deepseek-8b	stepfinder.s46	correct-error	mmlu_pro	17,18,19	92	46.0	0	0.0	0.6159420289855072	0.7826086956521738	0.7826086956521738	stepfinder	46
False	deepseek-8b	stepfinder.s46	correct-error	musique	17,18,19	312	156.0	0	0.0	0.13034188034188035	0.6837606837606837	0.6837606837606837	stepfinder	46
False	deepseek-8b	stepfinder.s46	correct-error	wikimqa	17,18,19	733	367.0	0	0.0	0.11080835603996368	0.6766575840145322	0.6766575840145322	stepfinder	46
False	deepseek-8b	stepfinder.s46	traceelephant	captain	22,23,24	85	43.0	0	0.0	0.17054263565891473	0.5581395348837209	0.5581395348837209	stepfinder	46
False	deepseek-8b	stepfinder.s46	traceelephant	magentic	15,16,17	91	46.0	0	0.0	0.050724637681159424	0.31884057971014496	0.31884057971014496	stepfinder	46
False	deepseek-8b	stepfinder.s46	ww	algorithm-generated	3,4,5	126	63.0	0	0.0	0.19047619047619047	0.48677248677248675	0.48677248677248675	stepfinder	46
False	deepseek-8b	stepfinder.s46	ww	hand-crafted	13,14,15	58	29.0	0	0.0	0.13793103448275862	0.471264367816092	0.471264367816092	stepfinder	46
False	qwen3-embedding-0.6b	stepfinder.s42	correct-error	arc	17,18,19	304	152.0	0	0.0	0.47368421052631576	0.5789473684210527	0.5789473684210527	stepfinder	42
False	qwen3-embedding-0.6b	stepfinder.s42	correct-error	gaia	17,18,19	50	25.0	0	0.0	0.3466666666666667	0.6533333333333333	0.6533333333333333	stepfinder	42
False	qwen3-embedding-0.6b	stepfinder.s42	correct-error	hotpot	17,18,19	578	289.0	0	0.0	0.21222606689734716	0.6828143021914648	0.6828143021914648	stepfinder	42
False	qwen3-embedding-0.6b	stepfinder.s42	correct-error	math500	17,18,19	157	79.0	0	0.0	0.379746835443038	0.48523206751054854	0.48523206751054854	stepfinder	42
False	qwen3-embedding-0.6b	stepfinder.s42	correct-error	mmlu_pro	17,18,19	92	46.0	0	0.0	0.24637681159420288	0.4710144927536231	0.4710144927536231	stepfinder	42
False	qwen3-embedding-0.6b	stepfinder.s42	correct-error	musique	17,18,19	312	156.0	0	0.0	0.1730769230769231	0.7051282051282052	0.7051282051282052	stepfinder	42
False	qwen3-embedding-0.6b	stepfinder.s42	correct-error	wikimqa	17,18,19	733	367.0	0	0.0	0.14986376021798364	0.6684831970935513	0.6684831970935513	stepfinder	42
False	qwen3-embedding-0.6b	stepfinder.s42	traceelephant	captain	22,23,24	85	43.0	0	0.0	0.20930232558139536	0.46511627906976744	0.46511627906976744	stepfinder	42
False	qwen3-embedding-0.6b	stepfinder.s42	traceelephant	magentic	15,16,17	91	46.0	0	0.0	0.2318840579710145	0.6811594202898551	0.6811594202898551	stepfinder	42
False	qwen3-embedding-0.6b	stepfinder.s42	ww	algorithm-generated	3,4,5	126	63.0	0	0.0	0.23809523809523805	0.4973544973544974	0.4973544973544974	stepfinder	42
False	qwen3-embedding-0.6b	stepfinder.s42	ww	hand-crafted	13,14,15	58	29.0	0	0.0	0.10344827586206896	0.42528735632183906	0.42528735632183906	stepfinder	42
False	qwen3-embedding-0.6b	stepfinder.s43	correct-error	arc	17,18,19	304	152.0	0	0.0	0.4671052631578947	0.537280701754386	0.537280701754386	stepfinder	43
False	qwen3-embedding-0.6b	stepfinder.s43	correct-error	gaia	17,18,19	50	25.0	0	0.0	0.25333333333333335	0.5733333333333334	0.5733333333333334	stepfinder	43
False	qwen3-embedding-0.6b	stepfinder.s43	correct-error	hotpot	17,18,19	578	289.0	0	0.0	0.209919261822376	0.6493656286043828	0.6493656286043828	stepfinder	43
False	qwen3-embedding-0.6b	stepfinder.s43	correct-error	math500	17,18,19	157	79.0	0	0.0	0.24050632911392408	0.3248945147679325	0.3248945147679325	stepfinder	43
False	qwen3-embedding-0.6b	stepfinder.s43	correct-error	mmlu_pro	17,18,19	92	46.0	0	0.0	0.23913043478260868	0.4710144927536232	0.4710144927536232	stepfinder	43
False	qwen3-embedding-0.6b	stepfinder.s43	correct-error	musique	17,18,19	312	156.0	0	0.0	0.1623931623931624	0.6324786324786325	0.6324786324786325	stepfinder	43
False	qwen3-embedding-0.6b	stepfinder.s43	correct-error	wikimqa	17,18,19	733	367.0	0	0.0	0.1262488646684832	0.6339691189827429	0.6339691189827429	stepfinder	43
False	qwen3-embedding-0.6b	stepfinder.s43	traceelephant	captain	22,23,24	85	43.0	0	0.0	0.20155038759689922	0.5581395348837209	0.5581395348837209	stepfinder	43
False	qwen3-embedding-0.6b	stepfinder.s43	traceelephant	magentic	15,16,17	91	46.0	0	0.0	0.24637681159420288	0.7536231884057972	0.7536231884057972	stepfinder	43
False	qwen3-embedding-0.6b	stepfinder.s43	ww	algorithm-generated	3,4,5	126	63.0	0	0.0	0.25396825396825395	0.4656084656084656	0.4656084656084656	stepfinder	43
False	qwen3-embedding-0.6b	stepfinder.s43	ww	hand-crafted	13,14,15	58	29.0	0	0.0	0.10344827586206896	0.4942528735632184	0.4942528735632184	stepfinder	43
False	qwen3-embedding-0.6b	stepfinder.s44	correct-error	arc	17,18,19	304	152.0	0	0.0	0.6535087719298246	0.7236842105263158	0.7236842105263158	stepfinder	44
False	qwen3-embedding-0.6b	stepfinder.s44	correct-error	gaia	17,18,19	50	25.0	0	0.0	0.3333333333333333	0.7200000000000001	0.7200000000000001	stepfinder	44
False	qwen3-embedding-0.6b	stepfinder.s44	correct-error	hotpot	17,18,19	578	289.0	0	0.0	0.32987312572087657	0.657439446366782	0.657439446366782	stepfinder	44
False	qwen3-embedding-0.6b	stepfinder.s44	correct-error	math500	17,18,19	157	79.0	0	0.0	0.5358649789029536	0.5485232067510548	0.5485232067510548	stepfinder	44
False	qwen3-embedding-0.6b	stepfinder.s44	correct-error	mmlu_pro	17,18,19	92	46.0	0	0.0	0.47826086956521735	0.6449275362318841	0.6449275362318841	stepfinder	44
False	qwen3-embedding-0.6b	stepfinder.s44	correct-error	musique	17,18,19	312	156.0	0	0.0	0.2670940170940171	0.6666666666666666	0.6666666666666666	stepfinder	44
False	qwen3-embedding-0.6b	stepfinder.s44	correct-error	wikimqa	17,18,19	733	367.0	0	0.0	0.27702089009990916	0.6684831970935513	0.6684831970935513	stepfinder	44
False	qwen3-embedding-0.6b	stepfinder.s44	traceelephant	captain	22,23,24	85	43.0	0	0.0	0.18604651162790697	0.44961240310077516	0.44961240310077516	stepfinder	44
False	qwen3-embedding-0.6b	stepfinder.s44	traceelephant	magentic	15,16,17	91	46.0	0	0.0	0.11594202898550725	0.6159420289855073	0.6159420289855073	stepfinder	44
False	qwen3-embedding-0.6b	stepfinder.s44	ww	algorithm-generated	3,4,5	126	63.0	0	0.0	0.23809523809523805	0.4708994708994709	0.4708994708994709	stepfinder	44
False	qwen3-embedding-0.6b	stepfinder.s44	ww	hand-crafted	13,14,15	58	29.0	0	0.0	0.1264367816091954	0.47126436781609193	0.47126436781609193	stepfinder	44
False	qwen3-embedding-0.6b	stepfinder.s45	correct-error	arc	17,18,19	304	152.0	0	0.0	0.5504385964912281	0.6184210526315789	0.6184210526315789	stepfinder	45
False	qwen3-embedding-0.6b	stepfinder.s45	correct-error	gaia	17,18,19	50	25.0	0	0.0	0.39999999999999997	0.7066666666666667	0.7066666666666667	stepfinder	45
False	qwen3-embedding-0.6b	stepfinder.s45	correct-error	hotpot	17,18,19	578	289.0	0	0.0	0.2837370242214533	0.6366782006920415	0.6366782006920415	stepfinder	45
False	qwen3-embedding-0.6b	stepfinder.s45	correct-error	math500	17,18,19	157	79.0	0	0.0	0.459915611814346	0.510548523206751	0.510548523206751	stepfinder	45
False	qwen3-embedding-0.6b	stepfinder.s45	correct-error	mmlu_pro	17,18,19	92	46.0	0	0.0	0.3695652173913044	0.5579710144927535	0.5579710144927535	stepfinder	45
False	qwen3-embedding-0.6b	stepfinder.s45	correct-error	musique	17,18,19	312	156.0	0	0.0	0.25213675213675213	0.6752136752136751	0.6752136752136751	stepfinder	45
False	qwen3-embedding-0.6b	stepfinder.s45	correct-error	wikimqa	17,18,19	733	367.0	0	0.0	0.24069028156221617	0.662125340599455	0.662125340599455	stepfinder	45
False	qwen3-embedding-0.6b	stepfinder.s45	traceelephant	captain	22,23,24	85	43.0	0	0.0	0.15503875968992248	0.4883720930232558	0.4883720930232558	stepfinder	45
False	qwen3-embedding-0.6b	stepfinder.s45	traceelephant	magentic	15,16,17	91	46.0	0	0.0	0.21739130434782608	0.7318840579710145	0.7318840579710145	stepfinder	45
False	qwen3-embedding-0.6b	stepfinder.s45	ww	algorithm-generated	3,4,5	126	63.0	0	0.0	0.19576719576719573	0.4497354497354497	0.4497354497354497	stepfinder	45
False	qwen3-embedding-0.6b	stepfinder.s45	ww	hand-crafted	13,14,15	58	29.0	0	0.0	0.10344827586206896	0.41379310344827586	0.41379310344827586	stepfinder	45
False	qwen3-embedding-0.6b	stepfinder.s46	correct-error	arc	17,18,19	304	152.0	0	0.0	0.6118421052631579	0.6907894736842106	0.6907894736842106	stepfinder	46
False	qwen3-embedding-0.6b	stepfinder.s46	correct-error	gaia	17,18,19	50	25.0	0	0.0	0.2933333333333334	0.7333333333333334	0.7333333333333334	stepfinder	46
False	qwen3-embedding-0.6b	stepfinder.s46	correct-error	hotpot	17,18,19	578	289.0	0	0.0	0.22722029988465975	0.6678200692041522	0.6678200692041522	stepfinder	46
False	qwen3-embedding-0.6b	stepfinder.s46	correct-error	math500	17,18,19	157	79.0	0	0.0	0.5485232067510548	0.5822784810126582	0.5822784810126582	stepfinder	46
False	qwen3-embedding-0.6b	stepfinder.s46	correct-error	mmlu_pro	17,18,19	92	46.0	0	0.0	0.34057971014492755	0.5289855072463768	0.5289855072463768	stepfinder	46
False	qwen3-embedding-0.6b	stepfinder.s46	correct-error	musique	17,18,19	312	156.0	0	0.0	0.16025641025641027	0.6837606837606837	0.6837606837606837	stepfinder	46
False	qwen3-embedding-0.6b	stepfinder.s46	correct-error	wikimqa	17,18,19	733	367.0	0	0.0	0.17075386012715713	0.6448683015440508	0.6448683015440508	stepfinder	46
False	qwen3-embedding-0.6b	stepfinder.s46	traceelephant	captain	22,23,24	85	43.0	0	0.0	0.14728682170542637	0.5038759689922481	0.5038759689922481	stepfinder	46
False	qwen3-embedding-0.6b	stepfinder.s46	traceelephant	magentic	15,16,17	91	46.0	0	0.0	0.24637681159420288	0.7608695652173912	0.7608695652173912	stepfinder	46
False	qwen3-embedding-0.6b	stepfinder.s46	ww	algorithm-generated	3,4,5	126	63.0	0	0.0	0.2751322751322751	0.4656084656084656	0.4656084656084656	stepfinder	46
False	qwen3-embedding-0.6b	stepfinder.s46	ww	hand-crafted	13,14,15	58	29.0	0	0.0	0.14942528735632185	0.43678160919540227	0.43678160919540227	stepfinder	46
False	qwen3.5-9b	oat.s42	correct-error	arc	17,18,19	304	152.0	0	0.0	0.831140350877193	0.8464912280701755	0.8464912280701755	oat	42
False	qwen3.5-9b	oat.s42	correct-error	gaia	17,18,19	50	25.0	0	0.0	0.56	0.6933333333333334	0.6933333333333334	oat	42
False	qwen3.5-9b	oat.s42	correct-error	hotpot	17,18,19	578	289.0	0	0.0	0.4521337946943483	0.7035755478662052	0.7035755478662052	oat	42
False	qwen3.5-9b	oat.s42	correct-error	math500	17,18,19	157	79.0	0	0.0	0.5147679324894515	0.5105485232067511	0.5105485232067511	oat	42
False	qwen3.5-9b	oat.s42	correct-error	mmlu_pro	17,18,19	92	46.0	0	0.0	0.7318840579710145	0.7971014492753623	0.7971014492753623	oat	42
False	qwen3.5-9b	oat.s42	correct-error	musique	17,18,19	312	156.0	0	0.0	0.42735042735042733	0.702991452991453	0.702991452991453	oat	42
False	qwen3.5-9b	oat.s42	correct-error	wikimqa	17,18,19	733	367.0	0	0.0	0.4396003633060854	0.6448683015440508	0.6448683015440508	oat	42
False	qwen3.5-9b	oat.s42	traceelephant	captain	22,23,24	85	43.0	0	0.0	0.14728682170542637	0.4883720930232558	0.4883720930232558	oat	42
False	qwen3.5-9b	oat.s42	traceelephant	magentic	15,16,17	91	46.0	0	0.0	0.19565217391304346	0.6014492753623188	0.6014492753623188	oat	42
False	qwen3.5-9b	oat.s42	ww	algorithm-generated	3,4,5	126	63.0	0	0.0	0.14814814814814814	0.41269841269841273	0.41269841269841273	oat	42
False	qwen3.5-9b	oat.s42	ww	hand-crafted	13,14,15	58	29.0	0	0.0	0.09195402298850575	0.5402298850574713	0.5402298850574713	oat	42
False	qwen3.5-9b	oat.s43	correct-error	arc	17,18,19	304	152.0	0	0.0	0.8355263157894738	0.8574561403508772	0.8574561403508772	oat	43
False	qwen3.5-9b	oat.s43	correct-error	gaia	17,18,19	50	25.0	0	0.0	0.5733333333333334	0.7200000000000001	0.7200000000000001	oat	43
False	qwen3.5-9b	oat.s43	correct-error	hotpot	17,18,19	578	289.0	0	0.0	0.44405997693194926	0.7128027681660901	0.7128027681660901	oat	43
False	qwen3.5-9b	oat.s43	correct-error	math500	17,18,19	157	79.0	0	0.0	0.5063291139240507	0.5105485232067511	0.5105485232067511	oat	43
False	qwen3.5-9b	oat.s43	correct-error	mmlu_pro	17,18,19	92	46.0	0	0.0	0.7318840579710145	0.7971014492753623	0.7971014492753623	oat	43
False	qwen3.5-9b	oat.s43	correct-error	musique	17,18,19	312	156.0	0	0.0	0.42735042735042733	0.6923076923076924	0.6923076923076924	oat	43
False	qwen3.5-9b	oat.s43	correct-error	wikimqa	17,18,19	733	367.0	0	0.0	0.4250681198910082	0.6457765667574932	0.6457765667574932	oat	43
False	qwen3.5-9b	oat.s43	traceelephant	captain	22,23,24	85	43.0	0	0.0	0.13953488372093023	0.49612403100775193	0.49612403100775193	oat	43
False	qwen3.5-9b	oat.s43	traceelephant	magentic	15,16,17	91	46.0	0	0.0	0.1884057971014493	0.6231884057971014	0.6231884057971014	oat	43
False	qwen3.5-9b	oat.s43	ww	algorithm-generated	3,4,5	126	63.0	0	0.0	0.15873015873015872	0.3862433862433862	0.3862433862433862	oat	43
False	qwen3.5-9b	oat.s43	ww	hand-crafted	13,14,15	58	29.0	0	0.0	0.09195402298850575	0.47126436781609193	0.47126436781609193	oat	43
False	qwen3.5-9b	oat.s44	correct-error	arc	17,18,19	304	152.0	0	0.0	0.837719298245614	0.8574561403508771	0.8574561403508771	oat	44
False	qwen3.5-9b	oat.s44	correct-error	gaia	17,18,19	50	25.0	0	0.0	0.56	0.7200000000000001	0.7200000000000001	oat	44
False	qwen3.5-9b	oat.s44	correct-error	hotpot	17,18,19	578	289.0	0	0.0	0.44982698961937717	0.7128027681660899	0.7128027681660899	oat	44
False	qwen3.5-9b	oat.s44	correct-error	math500	17,18,19	157	79.0	0	0.0	0.5105485232067511	0.5232067510548523	0.5232067510548523	oat	44
False	qwen3.5-9b	oat.s44	correct-error	mmlu_pro	17,18,19	92	46.0	0	0.0	0.7246376811594203	0.7971014492753623	0.7971014492753623	oat	44
False	qwen3.5-9b	oat.s44	correct-error	musique	17,18,19	312	156.0	0	0.0	0.42948717948717946	0.6987179487179488	0.6987179487179488	oat	44
False	qwen3.5-9b	oat.s44	correct-error	wikimqa	17,18,19	733	367.0	0	0.0	0.43142597638510444	0.6385104450499547	0.6385104450499547	oat	44
False	qwen3.5-9b	oat.s44	traceelephant	captain	22,23,24	85	43.0	0	0.0	0.1627906976744186	0.5038759689922481	0.5038759689922481	oat	44
False	qwen3.5-9b	oat.s44	traceelephant	magentic	15,16,17	91	46.0	0	0.0	0.1884057971014493	0.6594202898550724	0.6594202898550724	oat	44
False	qwen3.5-9b	oat.s44	ww	algorithm-generated	3,4,5	126	63.0	0	0.0	0.15873015873015872	0.4021164021164021	0.4021164021164021	oat	44
False	qwen3.5-9b	oat.s44	ww	hand-crafted	13,14,15	58	29.0	0	0.0	0.1149425287356322	0.5632183908045977	0.5632183908045977	oat	44
False	qwen3.5-9b	oat.s45	correct-error	arc	17,18,19	304	152.0	0	0.0	0.831140350877193	0.8442982456140351	0.8442982456140351	oat	45
False	qwen3.5-9b	oat.s45	correct-error	gaia	17,18,19	50	25.0	0	0.0	0.56	0.7200000000000001	0.7200000000000001	oat	45
False	qwen3.5-9b	oat.s45	correct-error	hotpot	17,18,19	578	289.0	0	0.0	0.4567474048442907	0.7162629757785467	0.7162629757785467	oat	45
False	qwen3.5-9b	oat.s45	correct-error	math500	17,18,19	157	79.0	0	0.0	0.5358649789029536	0.5358649789029536	0.5358649789029536	oat	45
False	qwen3.5-9b	oat.s45	correct-error	mmlu_pro	17,18,19	92	46.0	0	0.0	0.7173913043478262	0.7898550724637682	0.7898550724637682	oat	45
False	qwen3.5-9b	oat.s45	correct-error	musique	17,18,19	312	156.0	0	0.0	0.42735042735042733	0.7051282051282052	0.7051282051282052	oat	45
False	qwen3.5-9b	oat.s45	correct-error	wikimqa	17,18,19	733	367.0	0	0.0	0.43869209809264303	0.6403269754768393	0.6403269754768393	oat	45
False	qwen3.5-9b	oat.s45	traceelephant	captain	22,23,24	85	43.0	0	0.0	0.17054263565891473	0.4186046511627907	0.4186046511627907	oat	45
False	qwen3.5-9b	oat.s45	traceelephant	magentic	15,16,17	91	46.0	0	0.0	0.19565217391304346	0.6159420289855072	0.6159420289855072	oat	45
False	qwen3.5-9b	oat.s45	ww	algorithm-generated	3,4,5	126	63.0	0	0.0	0.17989417989417988	0.41269841269841273	0.41269841269841273	oat	45
False	qwen3.5-9b	oat.s45	ww	hand-crafted	13,14,15	58	29.0	0	0.0	0.1149425287356322	0.5402298850574713	0.5402298850574713	oat	45
False	qwen3.5-9b	oat.s46	correct-error	arc	17,18,19	304	152.0	0	0.0	0.8289473684210527	0.850877192982456	0.850877192982456	oat	46
False	qwen3.5-9b	oat.s46	correct-error	gaia	17,18,19	50	25.0	0	0.0	0.6	0.7333333333333334	0.7333333333333334	oat	46
False	qwen3.5-9b	oat.s46	correct-error	hotpot	17,18,19	578	289.0	0	0.0	0.4486735870818916	0.7081891580161477	0.7081891580161477	oat	46
False	qwen3.5-9b	oat.s46	correct-error	math500	17,18,19	157	79.0	0	0.0	0.48523206751054854	0.5147679324894515	0.5147679324894515	oat	46
False	qwen3.5-9b	oat.s46	correct-error	mmlu_pro	17,18,19	92	46.0	0	0.0	0.7391304347826088	0.8188405797101449	0.8188405797101449	oat	46
False	qwen3.5-9b	oat.s46	correct-error	musique	17,18,19	312	156.0	0	0.0	0.4337606837606838	0.7008547008547009	0.7008547008547009	oat	46
False	qwen3.5-9b	oat.s46	correct-error	wikimqa	17,18,19	733	367.0	0	0.0	0.42779291553133514	0.6430517711171663	0.6430517711171663	oat	46
False	qwen3.5-9b	oat.s46	traceelephant	captain	22,23,24	85	43.0	0	0.0	0.14728682170542637	0.42635658914728686	0.42635658914728686	oat	46
False	qwen3.5-9b	oat.s46	traceelephant	magentic	15,16,17	91	46.0	0	0.0	0.17391304347826086	0.6014492753623188	0.6014492753623188	oat	46
False	qwen3.5-9b	oat.s46	ww	algorithm-generated	3,4,5	126	63.0	0	0.0	0.19047619047619047	0.41269841269841273	0.41269841269841273	oat	46
False	qwen3.5-9b	oat.s46	ww	hand-crafted	13,14,15	58	29.0	0	0.0	0.09195402298850575	0.5402298850574713	0.5402298850574713	oat	46
False	qwen3.5-9b	stepfinder.s42	correct-error	arc	17,18,19	304	152.0	0	0.0	0.5416666666666666	0.6513157894736842	0.6513157894736842	stepfinder	42
False	qwen3.5-9b	stepfinder.s42	correct-error	gaia	17,18,19	50	25.0	0	0.0	0.27999999999999997	0.6666666666666666	0.6666666666666666	stepfinder	42
False	qwen3.5-9b	stepfinder.s42	correct-error	hotpot	17,18,19	578	289.0	0	0.0	0.25259515570934254	0.6943483275663206	0.6943483275663206	stepfinder	42
False	qwen3.5-9b	stepfinder.s42	correct-error	math500	17,18,19	157	79.0	0	0.0	0.3544303797468355	0.459915611814346	0.459915611814346	stepfinder	42
False	qwen3.5-9b	stepfinder.s42	correct-error	mmlu_pro	17,18,19	92	46.0	0	0.0	0.39855072463768115	0.6086956521739131	0.6086956521739131	stepfinder	42
False	qwen3.5-9b	stepfinder.s42	correct-error	musique	17,18,19	312	156.0	0	0.0	0.23076923076923075	0.69017094017094	0.69017094017094	stepfinder	42
False	qwen3.5-9b	stepfinder.s42	correct-error	wikimqa	17,18,19	733	367.0	0	0.0	0.18982742960944596	0.6884650317892825	0.6884650317892825	stepfinder	42
False	qwen3.5-9b	stepfinder.s42	traceelephant	captain	22,23,24	85	43.0	0	0.0	0.17829457364341084	0.4728682170542636	0.4728682170542636	stepfinder	42
False	qwen3.5-9b	stepfinder.s42	traceelephant	magentic	15,16,17	91	46.0	0	0.0	0.09420289855072463	0.6014492753623188	0.6014492753623188	stepfinder	42
False	qwen3.5-9b	stepfinder.s42	ww	algorithm-generated	3,4,5	126	63.0	0	0.0	0.1693121693121693	0.3439153439153439	0.3439153439153439	stepfinder	42
False	qwen3.5-9b	stepfinder.s42	ww	hand-crafted	13,14,15	58	29.0	0	0.0	0.16091954022988506	0.3448275862068966	0.3448275862068966	stepfinder	42
False	qwen3.5-9b	stepfinder.s43	correct-error	arc	17,18,19	304	152.0	0	0.0	0.3508771929824561	0.4605263157894737	0.4605263157894737	stepfinder	43
False	qwen3.5-9b	stepfinder.s43	correct-error	gaia	17,18,19	50	25.0	0	0.0	0.32	0.7333333333333334	0.7333333333333334	stepfinder	43
False	qwen3.5-9b	stepfinder.s43	correct-error	hotpot	17,18,19	578	289.0	0	0.0	0.18339100346020762	0.6632064590542099	0.6632064590542099	stepfinder	43
False	qwen3.5-9b	stepfinder.s43	correct-error	math500	17,18,19	157	79.0	0	0.0	0.4219409282700422	0.5316455696202532	0.5316455696202532	stepfinder	43
False	qwen3.5-9b	stepfinder.s43	correct-error	mmlu_pro	17,18,19	92	46.0	0	0.0	0.38405797101449274	0.572463768115942	0.572463768115942	stepfinder	43
False	qwen3.5-9b	stepfinder.s43	correct-error	musique	17,18,19	312	156.0	0	0.0	0.15384615384615385	0.5854700854700855	0.5854700854700855	stepfinder	43
False	qwen3.5-9b	stepfinder.s43	correct-error	wikimqa	17,18,19	733	367.0	0	0.0	0.12261580381471389	0.6884650317892825	0.6884650317892825	stepfinder	43
False	qwen3.5-9b	stepfinder.s43	traceelephant	captain	22,23,24	85	43.0	0	0.0	0.2170542635658915	0.5426356589147286	0.5426356589147286	stepfinder	43
False	qwen3.5-9b	stepfinder.s43	traceelephant	magentic	15,16,17	91	46.0	0	0.0	0.043478260869565216	0.5144927536231884	0.5144927536231884	stepfinder	43
False	qwen3.5-9b	stepfinder.s43	ww	algorithm-generated	3,4,5	126	63.0	0	0.0	0.13756613756613756	0.4444444444444444	0.4444444444444444	stepfinder	43
False	qwen3.5-9b	stepfinder.s43	ww	hand-crafted	13,14,15	58	29.0	0	0.0	0.10344827586206896	0.3563218390804597	0.3563218390804597	stepfinder	43
False	qwen3.5-9b	stepfinder.s44	correct-error	arc	17,18,19	304	152.0	0	0.0	0.6864035087719298	0.7521929824561404	0.7521929824561404	stepfinder	44
False	qwen3.5-9b	stepfinder.s44	correct-error	gaia	17,18,19	50	25.0	0	0.0	0.5733333333333334	0.7200000000000001	0.7200000000000001	stepfinder	44
False	qwen3.5-9b	stepfinder.s44	correct-error	hotpot	17,18,19	578	289.0	0	0.0	0.28604382929642447	0.6551326412918108	0.6551326412918108	stepfinder	44
False	qwen3.5-9b	stepfinder.s44	correct-error	math500	17,18,19	157	79.0	0	0.0	0.5485232067510548	0.5611814345991561	0.5611814345991561	stepfinder	44
False	qwen3.5-9b	stepfinder.s44	correct-error	mmlu_pro	17,18,19	92	46.0	0	0.0	0.5507246376811594	0.717391304347826	0.717391304347826	stepfinder	44
False	qwen3.5-9b	stepfinder.s44	correct-error	musique	17,18,19	312	156.0	0	0.0	0.21153846153846154	0.5811965811965812	0.5811965811965812	stepfinder	44
False	qwen3.5-9b	stepfinder.s44	correct-error	wikimqa	17,18,19	733	367.0	0	0.0	0.1907356948228883	0.6884650317892825	0.6884650317892825	stepfinder	44
False	qwen3.5-9b	stepfinder.s44	traceelephant	captain	22,23,24	85	43.0	0	0.0	0.11627906976744186	0.3875968992248062	0.3875968992248062	stepfinder	44
False	qwen3.5-9b	stepfinder.s44	traceelephant	magentic	15,16,17	91	46.0	0	0.0	0.07246376811594203	0.5942028985507246	0.5942028985507246	stepfinder	44
False	qwen3.5-9b	stepfinder.s44	ww	algorithm-generated	3,4,5	126	63.0	0	0.0	0.14814814814814814	0.3386243386243386	0.3386243386243386	stepfinder	44
False	qwen3.5-9b	stepfinder.s44	ww	hand-crafted	13,14,15	58	29.0	0	0.0	0.19540229885057472	0.4597701149425288	0.4597701149425288	stepfinder	44
False	qwen3.5-9b	stepfinder.s45	correct-error	arc	17,18,19	304	152.0	0	0.0	0.18640350877192982	0.27850877192982454	0.27850877192982454	stepfinder	45
False	qwen3.5-9b	stepfinder.s45	correct-error	gaia	17,18,19	50	25.0	0	0.0	0.09333333333333332	0.52	0.52	stepfinder	45
False	qwen3.5-9b	stepfinder.s45	correct-error	hotpot	17,18,19	578	289.0	0	0.0	0.11649365628604384	0.6447520184544406	0.6447520184544406	stepfinder	45
False	qwen3.5-9b	stepfinder.s45	correct-error	math500	17,18,19	157	79.0	0	0.0	0.15611814345991562	0.18987341772151897	0.18987341772151897	stepfinder	45
False	qwen3.5-9b	stepfinder.s45	correct-error	mmlu_pro	17,18,19	92	46.0	0	0.0	0.10144927536231885	0.2753623188405797	0.2753623188405797	stepfinder	45
False	qwen3.5-9b	stepfinder.s45	correct-error	musique	17,18,19	312	156.0	0	0.0	0.0811965811965812	0.6025641025641025	0.6025641025641025	stepfinder	45
False	qwen3.5-9b	stepfinder.s45	correct-error	wikimqa	17,18,19	733	367.0	0	0.0	0.07266121707538602	0.6766575840145322	0.6766575840145322	stepfinder	45
False	qwen3.5-9b	stepfinder.s45	traceelephant	captain	22,23,24	85	43.0	0	0.0	0.20930232558139536	0.49612403100775193	0.49612403100775193	stepfinder	45
False	qwen3.5-9b	stepfinder.s45	traceelephant	magentic	15,16,17	91	46.0	0	0.0	0.07971014492753624	0.6304347826086957	0.6304347826086957	stepfinder	45
False	qwen3.5-9b	stepfinder.s45	ww	algorithm-generated	3,4,5	126	63.0	0	0.0	0.12698412698412698	0.3862433862433862	0.3862433862433862	stepfinder	45
False	qwen3.5-9b	stepfinder.s45	ww	hand-crafted	13,14,15	58	29.0	0	0.0	0.0574712643678161	0.3333333333333333	0.3333333333333333	stepfinder	45
False	qwen3.5-9b	stepfinder.s46	correct-error	arc	17,18,19	304	152.0	0	0.0	0.5109649122807017	0.6008771929824562	0.6008771929824562	stepfinder	46
False	qwen3.5-9b	stepfinder.s46	correct-error	gaia	17,18,19	50	25.0	0	0.0	0.36000000000000004	0.7066666666666667	0.7066666666666667	stepfinder	46
False	qwen3.5-9b	stepfinder.s46	correct-error	hotpot	17,18,19	578	289.0	0	0.0	0.23298731257208768	0.6712802768166091	0.6712802768166091	stepfinder	46
False	qwen3.5-9b	stepfinder.s46	correct-error	math500	17,18,19	157	79.0	0	0.0	0.4767932489451477	0.5232067510548523	0.5232067510548523	stepfinder	46
False	qwen3.5-9b	stepfinder.s46	correct-error	mmlu_pro	17,18,19	92	46.0	0	0.0	0.4710144927536232	0.6449275362318841	0.6449275362318841	stepfinder	46
False	qwen3.5-9b	stepfinder.s46	correct-error	musique	17,18,19	312	156.0	0	0.0	0.235042735042735	0.6025641025641025	0.6025641025641025	stepfinder	46
False	qwen3.5-9b	stepfinder.s46	correct-error	wikimqa	17,18,19	733	367.0	0	0.0	0.18528610354223432	0.7029972752043596	0.7029972752043596	stepfinder	46
False	qwen3.5-9b	stepfinder.s46	traceelephant	captain	22,23,24	85	43.0	0	0.0	0.1937984496124031	0.4883720930232558	0.4883720930232558	stepfinder	46
False	qwen3.5-9b	stepfinder.s46	traceelephant	magentic	15,16,17	91	46.0	0	0.0	0.043478260869565216	0.5507246376811594	0.5507246376811594	stepfinder	46
False	qwen3.5-9b	stepfinder.s46	ww	algorithm-generated	3,4,5	126	63.0	0	0.0	0.21164021164021163	0.4497354497354497	0.4497354497354497	stepfinder	46
False	qwen3.5-9b	stepfinder.s46	ww	hand-crafted	13,14,15	58	29.0	0	0.0	0.14942528735632185	0.3563218390804597	0.3563218390804597	stepfinder	46
True	deepseek-8b	oat.s42	correct-error	arc	17,18,19	304	152.0	0	0.0	0.8289473684210527	0.8399122807017543	0.8399122807017543	oat	42
True	deepseek-8b	oat.s42	correct-error	gaia	17,18,19	50	25.0	0	0.0	0.5066666666666667	0.7200000000000001	0.7200000000000001	oat	42
True	deepseek-8b	oat.s42	correct-error	hotpot	17,18,19	578	289.0	0	0.0	0.4129181084198385	0.7035755478662052	0.7035755478662052	oat	42
True	deepseek-8b	oat.s42	correct-error	math500	17,18,19	157	79.0	0	0.0	0.510548523206751	0.5232067510548523	0.5232067510548523	oat	42
True	deepseek-8b	oat.s42	correct-error	mmlu_pro	17,18,19	92	46.0	0	0.0	0.7028985507246377	0.8260869565217391	0.8260869565217391	oat	42
True	deepseek-8b	oat.s42	correct-error	musique	17,18,19	312	156.0	0	0.0	0.34188034188034183	0.6752136752136751	0.6752136752136751	oat	42
True	deepseek-8b	oat.s42	correct-error	wikimqa	17,18,19	733	367.0	0	0.0	0.36603088101725706	0.5967302452316076	0.5967302452316076	oat	42
True	deepseek-8b	oat.s42	traceelephant	captain	2,3,4	85	43.0	0	0.0	0.20155038759689922	0.5348837209302325	0.5348837209302325	oat	42
True	deepseek-8b	oat.s42	traceelephant	magentic	9,10,11	91	46.0	0	0.0	0.16666666666666666	0.6811594202898551	0.6811594202898551	oat	42
True	deepseek-8b	oat.s42	ww	algorithm-generated	38,39,40	126	63.0	0	0.0	0.19576719576719573	0.4761904761904762	0.4761904761904762	oat	42
True	deepseek-8b	oat.s42	ww	hand-crafted	13,14,15	58	29.0	0	0.0	0.1839080459770115	0.5747126436781609	0.5747126436781609	oat	42
True	deepseek-8b	oat.s43	correct-error	arc	17,18,19	304	152.0	0	0.0	0.831140350877193	0.8486842105263158	0.8486842105263158	oat	43
True	deepseek-8b	oat.s43	correct-error	gaia	17,18,19	50	25.0	0	0.0	0.5066666666666667	0.7200000000000001	0.7200000000000001	oat	43
True	deepseek-8b	oat.s43	correct-error	hotpot	17,18,19	578	289.0	0	0.0	0.4140715109573241	0.7035755478662052	0.7035755478662052	oat	43
True	deepseek-8b	oat.s43	correct-error	math500	17,18,19	157	79.0	0	0.0	0.5274261603375527	0.5232067510548523	0.5232067510548523	oat	43
True	deepseek-8b	oat.s43	correct-error	mmlu_pro	17,18,19	92	46.0	0	0.0	0.6739130434782609	0.8115942028985508	0.8115942028985508	oat	43
True	deepseek-8b	oat.s43	correct-error	musique	17,18,19	312	156.0	0	0.0	0.3525641025641026	0.6452991452991453	0.6452991452991453	oat	43
True	deepseek-8b	oat.s43	correct-error	wikimqa	17,18,19	733	367.0	0	0.0	0.3723887375113533	0.5903723887375113	0.5903723887375113	oat	43
True	deepseek-8b	oat.s43	traceelephant	captain	2,3,4	85	43.0	0	0.0	0.1937984496124031	0.5193798449612403	0.5193798449612403	oat	43
True	deepseek-8b	oat.s43	traceelephant	magentic	9,10,11	91	46.0	0	0.0	0.13768115942028986	0.6739130434782609	0.6739130434782609	oat	43
True	deepseek-8b	oat.s43	ww	algorithm-generated	38,39,40	126	63.0	0	0.0	0.20634920634920637	0.43915343915343913	0.43915343915343913	oat	43
True	deepseek-8b	oat.s43	ww	hand-crafted	13,14,15	58	29.0	0	0.0	0.14942528735632185	0.5632183908045977	0.5632183908045977	oat	43
True	deepseek-8b	oat.s44	correct-error	arc	17,18,19	304	152.0	0	0.0	0.831140350877193	0.8442982456140351	0.8442982456140351	oat	44
True	deepseek-8b	oat.s44	correct-error	gaia	17,18,19	50	25.0	0	0.0	0.5066666666666667	0.7200000000000001	0.7200000000000001	oat	44
True	deepseek-8b	oat.s44	correct-error	hotpot	17,18,19	578	289.0	0	0.0	0.41522491349480967	0.6943483275663206	0.6943483275663206	oat	44
True	deepseek-8b	oat.s44	correct-error	math500	17,18,19	157	79.0	0	0.0	0.5063291139240507	0.5063291139240507	0.5063291139240507	oat	44
True	deepseek-8b	oat.s44	correct-error	mmlu_pro	17,18,19	92	46.0	0	0.0	0.7101449275362319	0.8188405797101449	0.8188405797101449	oat	44
True	deepseek-8b	oat.s44	correct-error	musique	17,18,19	312	156.0	0	0.0	0.3782051282051282	0.6880341880341879	0.6880341880341879	oat	44
True	deepseek-8b	oat.s44	correct-error	wikimqa	17,18,19	733	367.0	0	0.0	0.3787465940054496	0.6039963669391463	0.6039963669391463	oat	44
True	deepseek-8b	oat.s44	traceelephant	captain	2,3,4	85	43.0	0	0.0	0.1550387596899225	0.49612403100775193	0.49612403100775193	oat	44
True	deepseek-8b	oat.s44	traceelephant	magentic	9,10,11	91	46.0	0	0.0	0.13043478260869565	0.6666666666666666	0.6666666666666666	oat	44
True	deepseek-8b	oat.s44	ww	algorithm-generated	38,39,40	126	63.0	0	0.0	0.2222222222222222	0.48148148148148145	0.48148148148148145	oat	44
True	deepseek-8b	oat.s44	ww	hand-crafted	13,14,15	58	29.0	0	0.0	0.1839080459770115	0.5287356321839081	0.5287356321839081	oat	44
True	deepseek-8b	oat.s45	correct-error	arc	17,18,19	304	152.0	0	0.0	0.8399122807017544	0.8552631578947368	0.8552631578947368	oat	45
True	deepseek-8b	oat.s45	correct-error	gaia	17,18,19	50	25.0	0	0.0	0.49333333333333335	0.7200000000000001	0.7200000000000001	oat	45
True	deepseek-8b	oat.s45	correct-error	hotpot	17,18,19	578	289.0	0	0.0	0.4175317185697809	0.7024221453287197	0.7024221453287197	oat	45
True	deepseek-8b	oat.s45	correct-error	math500	17,18,19	157	79.0	0	0.0	0.5063291139240507	0.510548523206751	0.510548523206751	oat	45
True	deepseek-8b	oat.s45	correct-error	mmlu_pro	17,18,19	92	46.0	0	0.0	0.7101449275362319	0.8115942028985508	0.8115942028985508	oat	45
True	deepseek-8b	oat.s45	correct-error	musique	17,18,19	312	156.0	0	0.0	0.34401709401709407	0.673076923076923	0.673076923076923	oat	45
True	deepseek-8b	oat.s45	correct-error	wikimqa	17,18,19	733	367.0	0	0.0	0.3533151680290645	0.5803814713896457	0.5803814713896457	oat	45
True	deepseek-8b	oat.s45	traceelephant	captain	2,3,4	85	43.0	0	0.0	0.1627906976744186	0.5271317829457365	0.5271317829457365	oat	45
True	deepseek-8b	oat.s45	traceelephant	magentic	9,10,11	91	46.0	0	0.0	0.12318840579710144	0.6811594202898551	0.6811594202898551	oat	45
True	deepseek-8b	oat.s45	ww	algorithm-generated	38,39,40	126	63.0	0	0.0	0.20634920634920637	0.4603174603174603	0.4603174603174603	oat	45
True	deepseek-8b	oat.s45	ww	hand-crafted	13,14,15	58	29.0	0	0.0	0.16091954022988506	0.6206896551724138	0.6206896551724138	oat	45
True	deepseek-8b	oat.s46	correct-error	arc	17,18,19	304	152.0	0	0.0	0.831140350877193	0.8574561403508772	0.8574561403508772	oat	46
True	deepseek-8b	oat.s46	correct-error	gaia	17,18,19	50	25.0	0	0.0	0.44	0.7066666666666667	0.7066666666666667	oat	46
True	deepseek-8b	oat.s46	correct-error	hotpot	17,18,19	578	289.0	0	0.0	0.3979238754325259	0.6920415224913494	0.6920415224913494	oat	46
True	deepseek-8b	oat.s46	correct-error	math500	17,18,19	157	79.0	0	0.0	0.510548523206751	0.510548523206751	0.510548523206751	oat	46
True	deepseek-8b	oat.s46	correct-error	mmlu_pro	17,18,19	92	46.0	0	0.0	0.6884057971014492	0.8115942028985508	0.8115942028985508	oat	46
True	deepseek-8b	oat.s46	correct-error	musique	17,18,19	312	156.0	0	0.0	0.3653846153846154	0.6709401709401709	0.6709401709401709	oat	46
True	deepseek-8b	oat.s46	correct-error	wikimqa	17,18,19	733	367.0	0	0.0	0.3651226158038147	0.5812897366030881	0.5812897366030881	oat	46
True	deepseek-8b	oat.s46	traceelephant	captain	2,3,4	85	43.0	0	0.0	0.1937984496124031	0.5116279069767442	0.5116279069767442	oat	46
True	deepseek-8b	oat.s46	traceelephant	magentic	9,10,11	91	46.0	0	0.0	0.13043478260869565	0.6811594202898551	0.6811594202898551	oat	46
True	deepseek-8b	oat.s46	ww	algorithm-generated	38,39,40	126	63.0	0	0.0	0.21164021164021163	0.4656084656084656	0.4656084656084656	oat	46
True	deepseek-8b	oat.s46	ww	hand-crafted	13,14,15	58	29.0	0	0.0	0.1724137931034483	0.5402298850574713	0.5402298850574713	oat	46
True	deepseek-8b	stepfinder.s42	correct-error	arc	17,18,19	304	152.0	0	0.0	0.456140350877193	0.5767543859649122	0.5767543859649122	stepfinder	42
True	deepseek-8b	stepfinder.s42	correct-error	gaia	17,18,19	50	25.0	0	0.0	0.22666666666666668	0.5866666666666667	0.5866666666666667	stepfinder	42
True	deepseek-8b	stepfinder.s42	correct-error	hotpot	17,18,19	578	289.0	0	0.0	0.104959630911188	0.6897347174163784	0.6897347174163784	stepfinder	42
True	deepseek-8b	stepfinder.s42	correct-error	math500	17,18,19	157	79.0	0	0.0	0.13502109704641352	0.27848101265822783	0.27848101265822783	stepfinder	42
True	deepseek-8b	stepfinder.s42	correct-error	mmlu_pro	17,18,19	92	46.0	0	0.0	0.3695652173913044	0.5652173913043478	0.5652173913043478	stepfinder	42
True	deepseek-8b	stepfinder.s42	correct-error	musique	17,18,19	312	156.0	0	0.0	0.09401709401709402	0.6965811965811967	0.6965811965811967	stepfinder	42
True	deepseek-8b	stepfinder.s42	correct-error	wikimqa	17,18,19	733	367.0	0	0.0	0.05631244323342416	0.6830154405086285	0.6830154405086285	stepfinder	42
True	deepseek-8b	stepfinder.s42	traceelephant	captain	2,3,4	85	43.0	0	0.0	0.2170542635658915	0.5581395348837209	0.5581395348837209	stepfinder	42
True	deepseek-8b	stepfinder.s42	traceelephant	magentic	9,10,11	91	46.0	0	0.0	0.07971014492753624	0.6666666666666666	0.6666666666666666	stepfinder	42
True	deepseek-8b	stepfinder.s42	ww	algorithm-generated	38,39,40	126	63.0	0	0.0	0.2169312169312169	0.42857142857142855	0.42857142857142855	stepfinder	42
True	deepseek-8b	stepfinder.s42	ww	hand-crafted	13,14,15	58	29.0	0	0.0	0.1149425287356322	0.37931034482758624	0.37931034482758624	stepfinder	42
True	deepseek-8b	stepfinder.s43	correct-error	arc	17,18,19	304	152.0	0	0.0	0.17763157894736845	0.27850877192982454	0.27850877192982454	stepfinder	43
True	deepseek-8b	stepfinder.s43	correct-error	gaia	17,18,19	50	25.0	0	0.0	0.10666666666666667	0.4266666666666667	0.4266666666666667	stepfinder	43
True	deepseek-8b	stepfinder.s43	correct-error	hotpot	17,18,19	578	289.0	0	0.0	0.1707035755478662	0.5916955017301038	0.5916955017301038	stepfinder	43
True	deepseek-8b	stepfinder.s43	correct-error	math500	17,18,19	157	79.0	0	0.0	0.1729957805907173	0.21518987341772153	0.21518987341772153	stepfinder	43
True	deepseek-8b	stepfinder.s43	correct-error	mmlu_pro	17,18,19	92	46.0	0	0.0	0.1956521739130435	0.3695652173913044	0.3695652173913044	stepfinder	43
True	deepseek-8b	stepfinder.s43	correct-error	musique	17,18,19	312	156.0	0	0.0	0.17521367521367523	0.576923076923077	0.576923076923077	stepfinder	43
True	deepseek-8b	stepfinder.s43	correct-error	wikimqa	17,18,19	733	367.0	0	0.0	0.12443233424159855	0.6121707538601272	0.6121707538601272	stepfinder	43
True	deepseek-8b	stepfinder.s43	traceelephant	captain	2,3,4	85	43.0	0	0.0	0.1627906976744186	0.5348837209302326	0.5348837209302326	stepfinder	43
True	deepseek-8b	stepfinder.s43	traceelephant	magentic	9,10,11	91	46.0	0	0.0	0.014492753623188406	0.4275362318840579	0.4275362318840579	stepfinder	43
True	deepseek-8b	stepfinder.s43	ww	algorithm-generated	38,39,40	126	63.0	0	0.0	0.22751322751322753	0.5026455026455027	0.5026455026455027	stepfinder	43
True	deepseek-8b	stepfinder.s43	ww	hand-crafted	13,14,15	58	29.0	0	0.0	0.034482758620689655	0.28735632183908044	0.28735632183908044	stepfinder	43
True	deepseek-8b	stepfinder.s44	correct-error	arc	17,18,19	304	152.0	0	0.0	0.3684210526315789	0.4583333333333333	0.4583333333333333	stepfinder	44
True	deepseek-8b	stepfinder.s44	correct-error	gaia	17,18,19	50	25.0	0	0.0	0.37333333333333335	0.7066666666666667	0.7066666666666667	stepfinder	44
True	deepseek-8b	stepfinder.s44	correct-error	hotpot	17,18,19	578	289.0	0	0.0	0.1914648212226067	0.6309111880046135	0.6309111880046135	stepfinder	44
True	deepseek-8b	stepfinder.s44	correct-error	math500	17,18,19	157	79.0	0	0.0	0.3924050632911393	0.43881856540084385	0.43881856540084385	stepfinder	44
True	deepseek-8b	stepfinder.s44	correct-error	mmlu_pro	17,18,19	92	46.0	0	0.0	0.5579710144927535	0.6521739130434783	0.6521739130434783	stepfinder	44
True	deepseek-8b	stepfinder.s44	correct-error	musique	17,18,19	312	156.0	0	0.0	0.1581196581196581	0.5641025641025641	0.5641025641025641	stepfinder	44
True	deepseek-8b	stepfinder.s44	correct-error	wikimqa	17,18,19	733	367.0	0	0.0	0.14350590372388738	0.6748410535876476	0.6748410535876476	stepfinder	44
True	deepseek-8b	stepfinder.s44	traceelephant	captain	2,3,4	85	43.0	0	0.0	0.031007751937984496	0.31007751937984496	0.31007751937984496	stepfinder	44
True	deepseek-8b	stepfinder.s44	traceelephant	magentic	9,10,11	91	46.0	0	0.0	0.057971014492753624	0.5217391304347826	0.5217391304347826	stepfinder	44
True	deepseek-8b	stepfinder.s44	ww	algorithm-generated	38,39,40	126	63.0	0	0.0	0.19576719576719573	0.4021164021164021	0.4021164021164021	stepfinder	44
True	deepseek-8b	stepfinder.s44	ww	hand-crafted	13,14,15	58	29.0	0	0.0	0.06896551724137931	0.367816091954023	0.367816091954023	stepfinder	44
True	deepseek-8b	stepfinder.s45	correct-error	arc	17,18,19	304	152.0	0	0.0	0.4298245614035088	0.5175438596491229	0.5175438596491229	stepfinder	45
True	deepseek-8b	stepfinder.s45	correct-error	gaia	17,18,19	50	25.0	0	0.0	0.3066666666666667	0.52	0.52	stepfinder	45
True	deepseek-8b	stepfinder.s45	correct-error	hotpot	17,18,19	578	289.0	0	0.0	0.18569780853517878	0.6724336793540946	0.6724336793540946	stepfinder	45
True	deepseek-8b	stepfinder.s45	correct-error	math500	17,18,19	157	79.0	0	0.0	0.31223628691983124	0.4261603375527426	0.4261603375527426	stepfinder	45
True	deepseek-8b	stepfinder.s45	correct-error	mmlu_pro	17,18,19	92	46.0	0	0.0	0.3768115942028985	0.4492753623188406	0.4492753623188406	stepfinder	45
True	deepseek-8b	stepfinder.s45	correct-error	musique	17,18,19	312	156.0	0	0.0	0.16025641025641027	0.6688034188034188	0.6688034188034188	stepfinder	45
True	deepseek-8b	stepfinder.s45	correct-error	wikimqa	17,18,19	733	367.0	0	0.0	0.13533151680290645	0.6630336058128973	0.6630336058128973	stepfinder	45
True	deepseek-8b	stepfinder.s45	traceelephant	captain	2,3,4	85	43.0	0	0.0	0.18604651162790697	0.5038759689922481	0.5038759689922481	stepfinder	45
True	deepseek-8b	stepfinder.s45	traceelephant	magentic	9,10,11	91	46.0	0	0.0	0.07971014492753624	0.47826086956521735	0.47826086956521735	stepfinder	45
True	deepseek-8b	stepfinder.s45	ww	algorithm-generated	38,39,40	126	63.0	0	0.0	0.13756613756613756	0.36507936507936506	0.36507936507936506	stepfinder	45
True	deepseek-8b	stepfinder.s45	ww	hand-crafted	13,14,15	58	29.0	0	0.0	0.13793103448275862	0.4827586206896552	0.4827586206896552	stepfinder	45
True	deepseek-8b	stepfinder.s46	correct-error	arc	17,18,19	304	152.0	0	0.0	0.49780701754385964	0.6293859649122807	0.6293859649122807	stepfinder	46
True	deepseek-8b	stepfinder.s46	correct-error	gaia	17,18,19	50	25.0	0	0.0	0.3866666666666667	0.7333333333333334	0.7333333333333334	stepfinder	46
True	deepseek-8b	stepfinder.s46	correct-error	hotpot	17,18,19	578	289.0	0	0.0	0.1787773933102653	0.6874279123414072	0.6874279123414072	stepfinder	46
True	deepseek-8b	stepfinder.s46	correct-error	math500	17,18,19	157	79.0	0	0.0	0.32489451476793246	0.3924050632911393	0.3924050632911393	stepfinder	46
True	deepseek-8b	stepfinder.s46	correct-error	mmlu_pro	17,18,19	92	46.0	0	0.0	0.4275362318840579	0.572463768115942	0.572463768115942	stepfinder	46
True	deepseek-8b	stepfinder.s46	correct-error	musique	17,18,19	312	156.0	0	0.0	0.1452991452991453	0.6709401709401709	0.6709401709401709	stepfinder	46
True	deepseek-8b	stepfinder.s46	correct-error	wikimqa	17,18,19	733	367.0	0	0.0	0.12806539509536785	0.6784741144414168	0.6784741144414168	stepfinder	46
True	deepseek-8b	stepfinder.s46	traceelephant	captain	2,3,4	85	43.0	0	0.0	0.15503875968992248	0.5658914728682171	0.5658914728682171	stepfinder	46
True	deepseek-8b	stepfinder.s46	traceelephant	magentic	9,10,11	91	46.0	0	0.0	0.07971014492753624	0.4492753623188406	0.4492753623188406	stepfinder	46
True	deepseek-8b	stepfinder.s46	ww	algorithm-generated	38,39,40	126	63.0	0	0.0	0.1693121693121693	0.37566137566137564	0.37566137566137564	stepfinder	46
True	deepseek-8b	stepfinder.s46	ww	hand-crafted	13,14,15	58	29.0	0	0.0	0.13793103448275862	0.4942528735632184	0.4942528735632184	stepfinder	46
True	qwen3-embedding-0.6b	stepfinder.s42	correct-error	arc	17,18,19	304	152.0	0	0.0	0.3969298245614035	0.5043859649122807	0.5043859649122807	stepfinder	42
True	qwen3-embedding-0.6b	stepfinder.s42	correct-error	gaia	17,18,19	50	25.0	0	0.0	0.3466666666666667	0.6533333333333333	0.6533333333333333	stepfinder	42
True	qwen3-embedding-0.6b	stepfinder.s42	correct-error	hotpot	17,18,19	578	289.0	0	0.0	0.2191464821222607	0.6874279123414072	0.6874279123414072	stepfinder	42
True	qwen3-embedding-0.6b	stepfinder.s42	correct-error	math500	17,18,19	157	79.0	0	0.0	0.3881856540084388	0.47257383966244726	0.47257383966244726	stepfinder	42
True	qwen3-embedding-0.6b	stepfinder.s42	correct-error	mmlu_pro	17,18,19	92	46.0	0	0.0	0.2318840579710145	0.4420289855072464	0.4420289855072464	stepfinder	42
True	qwen3-embedding-0.6b	stepfinder.s42	correct-error	musique	17,18,19	312	156.0	0	0.0	0.1730769230769231	0.6944444444444445	0.6944444444444445	stepfinder	42
True	qwen3-embedding-0.6b	stepfinder.s42	correct-error	wikimqa	17,18,19	733	367.0	0	0.0	0.15349682107175297	0.6657584014532243	0.6657584014532243	stepfinder	42
True	qwen3-embedding-0.6b	stepfinder.s42	traceelephant	captain	2,3,4	85	43.0	0	0.0	0.17054263565891473	0.441860465116279	0.441860465116279	stepfinder	42
True	qwen3-embedding-0.6b	stepfinder.s42	traceelephant	magentic	9,10,11	91	46.0	0	0.0	0.1956521739130435	0.717391304347826	0.717391304347826	stepfinder	42
True	qwen3-embedding-0.6b	stepfinder.s42	ww	algorithm-generated	38,39,40	126	63.0	0	0.0	0.1851851851851852	0.4656084656084656	0.4656084656084656	stepfinder	42
True	qwen3-embedding-0.6b	stepfinder.s42	ww	hand-crafted	13,14,15	58	29.0	0	0.0	0.10344827586206896	0.42528735632183906	0.42528735632183906	stepfinder	42
True	qwen3-embedding-0.6b	stepfinder.s43	correct-error	arc	17,18,19	304	152.0	0	0.0	0.37061403508771934	0.44298245614035087	0.44298245614035087	stepfinder	43
True	qwen3-embedding-0.6b	stepfinder.s43	correct-error	gaia	17,18,19	50	25.0	0	0.0	0.24	0.56	0.56	stepfinder	43
True	qwen3-embedding-0.6b	stepfinder.s43	correct-error	hotpot	17,18,19	578	289.0	0	0.0	0.20645905420991925	0.6505190311418686	0.6505190311418686	stepfinder	43
True	qwen3-embedding-0.6b	stepfinder.s43	correct-error	math500	17,18,19	157	79.0	0	0.0	0.26160337552742613	0.32911392405063294	0.32911392405063294	stepfinder	43
True	qwen3-embedding-0.6b	stepfinder.s43	correct-error	mmlu_pro	17,18,19	92	46.0	0	0.0	0.13768115942028986	0.35507246376811596	0.35507246376811596	stepfinder	43
True	qwen3-embedding-0.6b	stepfinder.s43	correct-error	musique	17,18,19	312	156.0	0	0.0	0.1581196581196581	0.6239316239316239	0.6239316239316239	stepfinder	43
True	qwen3-embedding-0.6b	stepfinder.s43	correct-error	wikimqa	17,18,19	733	367.0	0	0.0	0.11898274296094459	0.623069936421435	0.623069936421435	stepfinder	43
True	qwen3-embedding-0.6b	stepfinder.s43	traceelephant	captain	2,3,4	85	43.0	0	0.0	0.1627906976744186	0.5503875968992248	0.5503875968992248	stepfinder	43
True	qwen3-embedding-0.6b	stepfinder.s43	traceelephant	magentic	9,10,11	91	46.0	0	0.0	0.2246376811594203	0.782608695652174	0.782608695652174	stepfinder	43
True	qwen3-embedding-0.6b	stepfinder.s43	ww	algorithm-generated	38,39,40	126	63.0	0	0.0	0.2751322751322751	0.48148148148148145	0.48148148148148145	stepfinder	43
True	qwen3-embedding-0.6b	stepfinder.s43	ww	hand-crafted	13,14,15	58	29.0	0	0.0	0.08045977011494253	0.4942528735632184	0.4942528735632184	stepfinder	43
True	qwen3-embedding-0.6b	stepfinder.s44	correct-error	arc	17,18,19	304	152.0	0	0.0	0.5833333333333334	0.6600877192982456	0.6600877192982456	stepfinder	44
True	qwen3-embedding-0.6b	stepfinder.s44	correct-error	gaia	17,18,19	50	25.0	0	0.0	0.3333333333333333	0.7200000000000001	0.7200000000000001	stepfinder	44
True	qwen3-embedding-0.6b	stepfinder.s44	correct-error	hotpot	17,18,19	578	289.0	0	0.0	0.328719723183391	0.6528258362168397	0.6528258362168397	stepfinder	44
True	qwen3-embedding-0.6b	stepfinder.s44	correct-error	math500	17,18,19	157	79.0	0	0.0	0.5527426160337553	0.5654008438818565	0.5654008438818565	stepfinder	44
True	qwen3-embedding-0.6b	stepfinder.s44	correct-error	mmlu_pro	17,18,19	92	46.0	0	0.0	0.38405797101449274	0.5434782608695653	0.5434782608695653	stepfinder	44
True	qwen3-embedding-0.6b	stepfinder.s44	correct-error	musique	17,18,19	312	156.0	0	0.0	0.2692307692307692	0.6645299145299145	0.6645299145299145	stepfinder	44
True	qwen3-embedding-0.6b	stepfinder.s44	correct-error	wikimqa	17,18,19	733	367.0	0	0.0	0.2779291553133515	0.6702997275204359	0.6702997275204359	stepfinder	44
True	qwen3-embedding-0.6b	stepfinder.s44	traceelephant	captain	2,3,4	85	43.0	0	0.0	0.13953488372093023	0.44186046511627913	0.44186046511627913	stepfinder	44
True	qwen3-embedding-0.6b	stepfinder.s44	traceelephant	magentic	9,10,11	91	46.0	0	0.0	0.08695652173913043	0.6231884057971014	0.6231884057971014	stepfinder	44
True	qwen3-embedding-0.6b	stepfinder.s44	ww	algorithm-generated	38,39,40	126	63.0	0	0.0	0.23809523809523805	0.42328042328042326	0.42328042328042326	stepfinder	44
True	qwen3-embedding-0.6b	stepfinder.s44	ww	hand-crafted	13,14,15	58	29.0	0	0.0	0.1264367816091954	0.47126436781609193	0.47126436781609193	stepfinder	44
True	qwen3-embedding-0.6b	stepfinder.s45	correct-error	arc	17,18,19	304	152.0	0	0.0	0.40789473684210525	0.49561403508771934	0.49561403508771934	stepfinder	45
True	qwen3-embedding-0.6b	stepfinder.s45	correct-error	gaia	17,18,19	50	25.0	0	0.0	0.3466666666666667	0.6533333333333333	0.6533333333333333	stepfinder	45
True	qwen3-embedding-0.6b	stepfinder.s45	correct-error	hotpot	17,18,19	578	289.0	0	0.0	0.2825836216839677	0.635524798154556	0.635524798154556	stepfinder	45
True	qwen3-embedding-0.6b	stepfinder.s45	correct-error	math500	17,18,19	157	79.0	0	0.0	0.43881856540084385	0.4894514767932489	0.4894514767932489	stepfinder	45
True	qwen3-embedding-0.6b	stepfinder.s45	correct-error	mmlu_pro	17,18,19	92	46.0	0	0.0	0.2246376811594203	0.39855072463768115	0.39855072463768115	stepfinder	45
True	qwen3-embedding-0.6b	stepfinder.s45	correct-error	musique	17,18,19	312	156.0	0	0.0	0.26282051282051283	0.6816239316239315	0.6816239316239315	stepfinder	45
True	qwen3-embedding-0.6b	stepfinder.s45	correct-error	wikimqa	17,18,19	733	367.0	0	0.0	0.2443233424159855	0.662125340599455	0.662125340599455	stepfinder	45
True	qwen3-embedding-0.6b	stepfinder.s45	traceelephant	captain	2,3,4	85	43.0	0	0.0	0.14728682170542637	0.49612403100775193	0.49612403100775193	stepfinder	45
True	qwen3-embedding-0.6b	stepfinder.s45	traceelephant	magentic	9,10,11	91	46.0	0	0.0	0.15217391304347827	0.7028985507246377	0.7028985507246377	stepfinder	45
True	qwen3-embedding-0.6b	stepfinder.s45	ww	algorithm-generated	38,39,40	126	63.0	0	0.0	0.15873015873015872	0.4074074074074074	0.4074074074074074	stepfinder	45
True	qwen3-embedding-0.6b	stepfinder.s45	ww	hand-crafted	13,14,15	58	29.0	0	0.0	0.08045977011494253	0.367816091954023	0.367816091954023	stepfinder	45
True	qwen3-embedding-0.6b	stepfinder.s46	correct-error	arc	17,18,19	304	152.0	0	0.0	0.5	0.581140350877193	0.581140350877193	stepfinder	46
True	qwen3-embedding-0.6b	stepfinder.s46	correct-error	gaia	17,18,19	50	25.0	0	0.0	0.2933333333333334	0.7333333333333334	0.7333333333333334	stepfinder	46
True	qwen3-embedding-0.6b	stepfinder.s46	correct-error	hotpot	17,18,19	578	289.0	0	0.0	0.22606689734717414	0.6678200692041522	0.6678200692041522	stepfinder	46
True	qwen3-embedding-0.6b	stepfinder.s46	correct-error	math500	17,18,19	157	79.0	0	0.0	0.5654008438818565	0.5780590717299577	0.5780590717299577	stepfinder	46
True	qwen3-embedding-0.6b	stepfinder.s46	correct-error	mmlu_pro	17,18,19	92	46.0	0	0.0	0.26811594202898553	0.4492753623188406	0.4492753623188406	stepfinder	46
True	qwen3-embedding-0.6b	stepfinder.s46	correct-error	musique	17,18,19	312	156.0	0	0.0	0.1623931623931624	0.69017094017094	0.69017094017094	stepfinder	46
True	qwen3-embedding-0.6b	stepfinder.s46	correct-error	wikimqa	17,18,19	733	367.0	0	0.0	0.16621253405994552	0.6348773841961853	0.6348773841961853	stepfinder	46
True	qwen3-embedding-0.6b	stepfinder.s46	traceelephant	captain	2,3,4	85	43.0	0	0.0	0.1317829457364341	0.5038759689922481	0.5038759689922481	stepfinder	46
True	qwen3-embedding-0.6b	stepfinder.s46	traceelephant	magentic	9,10,11	91	46.0	0	0.0	0.2028985507246377	0.746376811594203	0.746376811594203	stepfinder	46
True	qwen3-embedding-0.6b	stepfinder.s46	ww	algorithm-generated	38,39,40	126	63.0	0	0.0	0.2328042328042328	0.4021164021164021	0.4021164021164021	stepfinder	46
True	qwen3-embedding-0.6b	stepfinder.s46	ww	hand-crafted	13,14,15	58	29.0	0	0.0	0.1264367816091954	0.41379310344827586	0.41379310344827586	stepfinder	46
True	qwen3.5-9b	oat.s42	correct-error	arc	17,18,19	304	152.0	0	0.0	0.831140350877193	0.8421052631578947	0.8421052631578947	oat	42
True	qwen3.5-9b	oat.s42	correct-error	gaia	17,18,19	50	25.0	0	0.0	0.5466666666666667	0.6933333333333334	0.6933333333333334	oat	42
True	qwen3.5-9b	oat.s42	correct-error	hotpot	17,18,19	578	289.0	0	0.0	0.46251441753171857	0.7035755478662052	0.7035755478662052	oat	42
True	qwen3.5-9b	oat.s42	correct-error	math500	17,18,19	157	79.0	0	0.0	0.5147679324894515	0.5189873417721519	0.5189873417721519	oat	42
True	qwen3.5-9b	oat.s42	correct-error	mmlu_pro	17,18,19	92	46.0	0	0.0	0.7246376811594203	0.7898550724637682	0.7898550724637682	oat	42
True	qwen3.5-9b	oat.s42	correct-error	musique	17,18,19	312	156.0	0	0.0	0.4188034188034188	0.69017094017094	0.69017094017094	oat	42
True	qwen3.5-9b	oat.s42	correct-error	wikimqa	17,18,19	733	367.0	0	0.0	0.4359673024523161	0.6385104450499547	0.6385104450499547	oat	42
True	qwen3.5-9b	oat.s42	traceelephant	captain	2,3,4	85	43.0	0	0.0	0.18604651162790697	0.5116279069767442	0.5116279069767442	oat	42
True	qwen3.5-9b	oat.s42	traceelephant	magentic	9,10,11	91	46.0	0	0.0	0.18840579710144925	0.6811594202898551	0.6811594202898551	oat	42
True	qwen3.5-9b	oat.s42	ww	algorithm-generated	38,39,40	126	63.0	0	0.0	0.21164021164021163	0.45502645502645506	0.45502645502645506	oat	42
True	qwen3.5-9b	oat.s42	ww	hand-crafted	13,14,15	58	29.0	0	0.0	0.08045977011494253	0.5632183908045977	0.5632183908045977	oat	42
True	qwen3.5-9b	oat.s43	correct-error	arc	17,18,19	304	152.0	0	0.0	0.8355263157894738	0.8596491228070176	0.8596491228070176	oat	43
True	qwen3.5-9b	oat.s43	correct-error	gaia	17,18,19	50	25.0	0	0.0	0.5866666666666667	0.7066666666666667	0.7066666666666667	oat	43
True	qwen3.5-9b	oat.s43	correct-error	hotpot	17,18,19	578	289.0	0	0.0	0.4567474048442907	0.7151095732410612	0.7151095732410612	oat	43
True	qwen3.5-9b	oat.s43	correct-error	math500	17,18,19	157	79.0	0	0.0	0.5063291139240507	0.5189873417721519	0.5189873417721519	oat	43
True	qwen3.5-9b	oat.s43	correct-error	mmlu_pro	17,18,19	92	46.0	0	0.0	0.7173913043478262	0.7826086956521738	0.7826086956521738	oat	43
True	qwen3.5-9b	oat.s43	correct-error	musique	17,18,19	312	156.0	0	0.0	0.4316239316239316	0.6944444444444445	0.6944444444444445	oat	43
True	qwen3.5-9b	oat.s43	correct-error	wikimqa	17,18,19	733	367.0	0	0.0	0.42325158946412356	0.6339691189827429	0.6339691189827429	oat	43
True	qwen3.5-9b	oat.s43	traceelephant	captain	2,3,4	85	43.0	0	0.0	0.14728682170542637	0.4883720930232558	0.4883720930232558	oat	43
True	qwen3.5-9b	oat.s43	traceelephant	magentic	9,10,11	91	46.0	0	0.0	0.21739130434782608	0.717391304347826	0.717391304347826	oat	43
True	qwen3.5-9b	oat.s43	ww	algorithm-generated	38,39,40	126	63.0	0	0.0	0.20105820105820105	0.4338624338624338	0.4338624338624338	oat	43
True	qwen3.5-9b	oat.s43	ww	hand-crafted	13,14,15	58	29.0	0	0.0	0.08045977011494253	0.47126436781609193	0.47126436781609193	oat	43
True	qwen3.5-9b	oat.s44	correct-error	arc	17,18,19	304	152.0	0	0.0	0.837719298245614	0.8508771929824562	0.8508771929824562	oat	44
True	qwen3.5-9b	oat.s44	correct-error	gaia	17,18,19	50	25.0	0	0.0	0.5733333333333334	0.7333333333333334	0.7333333333333334	oat	44
True	qwen3.5-9b	oat.s44	correct-error	hotpot	17,18,19	578	289.0	0	0.0	0.4359861591695502	0.6989619377162629	0.6989619377162629	oat	44
True	qwen3.5-9b	oat.s44	correct-error	math500	17,18,19	157	79.0	0	0.0	0.510548523206751	0.5358649789029536	0.5358649789029536	oat	44
True	qwen3.5-9b	oat.s44	correct-error	mmlu_pro	17,18,19	92	46.0	0	0.0	0.7173913043478262	0.7971014492753623	0.7971014492753623	oat	44
True	qwen3.5-9b	oat.s44	correct-error	musique	17,18,19	312	156.0	0	0.0	0.4188034188034188	0.6944444444444445	0.6944444444444445	oat	44
True	qwen3.5-9b	oat.s44	correct-error	wikimqa	17,18,19	733	367.0	0	0.0	0.43142597638510444	0.6357856494096276	0.6357856494096276	oat	44
True	qwen3.5-9b	oat.s44	traceelephant	captain	2,3,4	85	43.0	0	0.0	0.18604651162790697	0.49612403100775193	0.49612403100775193	oat	44
True	qwen3.5-9b	oat.s44	traceelephant	magentic	9,10,11	91	46.0	0	0.0	0.18115942028985507	0.717391304347826	0.717391304347826	oat	44
True	qwen3.5-9b	oat.s44	ww	algorithm-generated	38,39,40	126	63.0	0	0.0	0.21164021164021163	0.4603174603174603	0.4603174603174603	oat	44
True	qwen3.5-9b	oat.s44	ww	hand-crafted	13,14,15	58	29.0	0	0.0	0.08045977011494253	0.5287356321839081	0.5287356321839081	oat	44
True	qwen3.5-9b	oat.s45	correct-error	arc	17,18,19	304	152.0	0	0.0	0.831140350877193	0.850877192982456	0.850877192982456	oat	45
True	qwen3.5-9b	oat.s45	correct-error	gaia	17,18,19	50	25.0	0	0.0	0.5466666666666667	0.7066666666666667	0.7066666666666667	oat	45
True	qwen3.5-9b	oat.s45	correct-error	hotpot	17,18,19	578	289.0	0	0.0	0.4532871972318339	0.7070357554786622	0.7070357554786622	oat	45
True	qwen3.5-9b	oat.s45	correct-error	math500	17,18,19	157	79.0	0	0.0	0.5274261603375527	0.5569620253164557	0.5569620253164557	oat	45
True	qwen3.5-9b	oat.s45	correct-error	mmlu_pro	17,18,19	92	46.0	0	0.0	0.7028985507246377	0.7681159420289855	0.7681159420289855	oat	45
True	qwen3.5-9b	oat.s45	correct-error	musique	17,18,19	312	156.0	0	0.0	0.42735042735042733	0.7094017094017094	0.7094017094017094	oat	45
True	qwen3.5-9b	oat.s45	correct-error	wikimqa	17,18,19	733	367.0	0	0.0	0.43869209809264303	0.6276112624886466	0.6276112624886466	oat	45
True	qwen3.5-9b	oat.s45	traceelephant	captain	2,3,4	85	43.0	0	0.0	0.186046511627907	0.5116279069767442	0.5116279069767442	oat	45
True	qwen3.5-9b	oat.s45	traceelephant	magentic	9,10,11	91	46.0	0	0.0	0.2028985507246377	0.7101449275362318	0.7101449275362318	oat	45
True	qwen3.5-9b	oat.s45	ww	algorithm-generated	38,39,40	126	63.0	0	0.0	0.22751322751322753	0.45502645502645506	0.45502645502645506	oat	45
True	qwen3.5-9b	oat.s45	ww	hand-crafted	13,14,15	58	29.0	0	0.0	0.08045977011494253	0.5632183908045977	0.5632183908045977	oat	45
True	qwen3.5-9b	oat.s46	correct-error	arc	17,18,19	304	152.0	0	0.0	0.831140350877193	0.8530701754385964	0.8530701754385964	oat	46
True	qwen3.5-9b	oat.s46	correct-error	gaia	17,18,19	50	25.0	0	0.0	0.5866666666666667	0.7200000000000001	0.7200000000000001	oat	46
True	qwen3.5-9b	oat.s46	correct-error	hotpot	17,18,19	578	289.0	0	0.0	0.46943483275663206	0.7035755478662052	0.7035755478662052	oat	46
True	qwen3.5-9b	oat.s46	correct-error	math500	17,18,19	157	79.0	0	0.0	0.48523206751054854	0.5358649789029536	0.5358649789029536	oat	46
True	qwen3.5-9b	oat.s46	correct-error	mmlu_pro	17,18,19	92	46.0	0	0.0	0.7028985507246377	0.7681159420289855	0.7681159420289855	oat	46
True	qwen3.5-9b	oat.s46	correct-error	musique	17,18,19	312	156.0	0	0.0	0.4230769230769231	0.7051282051282052	0.7051282051282052	oat	46
True	qwen3.5-9b	oat.s46	correct-error	wikimqa	17,18,19	733	367.0	0	0.0	0.4287011807447774	0.6366939146230699	0.6366939146230699	oat	46
True	qwen3.5-9b	oat.s46	traceelephant	captain	2,3,4	85	43.0	0	0.0	0.1937984496124031	0.5348837209302325	0.5348837209302325	oat	46
True	qwen3.5-9b	oat.s46	traceelephant	magentic	9,10,11	91	46.0	0	0.0	0.2101449275362319	0.6739130434782609	0.6739130434782609	oat	46
True	qwen3.5-9b	oat.s46	ww	algorithm-generated	38,39,40	126	63.0	0	0.0	0.25396825396825395	0.4708994708994709	0.4708994708994709	oat	46
True	qwen3.5-9b	oat.s46	ww	hand-crafted	13,14,15	58	29.0	0	0.0	0.08045977011494253	0.5172413793103449	0.5172413793103449	oat	46
True	qwen3.5-9b	stepfinder.s42	correct-error	arc	17,18,19	304	152.0	0	0.0	0.36622807017543857	0.4890350877192982	0.4890350877192982	stepfinder	42
True	qwen3.5-9b	stepfinder.s42	correct-error	gaia	17,18,19	50	25.0	0	0.0	0.37333333333333335	0.6266666666666666	0.6266666666666666	stepfinder	42
True	qwen3.5-9b	stepfinder.s42	correct-error	hotpot	17,18,19	578	289.0	0	0.0	0.2710495963091119	0.6839677047289504	0.6839677047289504	stepfinder	42
True	qwen3.5-9b	stepfinder.s42	correct-error	math500	17,18,19	157	79.0	0	0.0	0.28270042194092826	0.3755274261603376	0.3755274261603376	stepfinder	42
True	qwen3.5-9b	stepfinder.s42	correct-error	mmlu_pro	17,18,19	92	46.0	0	0.0	0.3115942028985507	0.49275362318840576	0.49275362318840576	stepfinder	42
True	qwen3.5-9b	stepfinder.s42	correct-error	musique	17,18,19	312	156.0	0	0.0	0.22435897435897437	0.6858974358974358	0.6858974358974358	stepfinder	42
True	qwen3.5-9b	stepfinder.s42	correct-error	wikimqa	17,18,19	733	367.0	0	0.0	0.21071752951861944	0.6866485013623979	0.6866485013623979	stepfinder	42
True	qwen3.5-9b	stepfinder.s42	traceelephant	captain	2,3,4	85	43.0	0	0.0	0.11627906976744186	0.40310077519379844	0.40310077519379844	stepfinder	42
True	qwen3.5-9b	stepfinder.s42	traceelephant	magentic	9,10,11	91	46.0	0	0.0	0.09420289855072463	0.6231884057971014	0.6231884057971014	stepfinder	42
True	qwen3.5-9b	stepfinder.s42	ww	algorithm-generated	38,39,40	126	63.0	0	0.0	0.19047619047619047	0.42857142857142855	0.42857142857142855	stepfinder	42
True	qwen3.5-9b	stepfinder.s42	ww	hand-crafted	13,14,15	58	29.0	0	0.0	0.13793103448275865	0.3218390804597701	0.3218390804597701	stepfinder	42
True	qwen3.5-9b	stepfinder.s43	correct-error	arc	17,18,19	304	152.0	0	0.0	0.30701754385964913	0.3991228070175439	0.3991228070175439	stepfinder	43
True	qwen3.5-9b	stepfinder.s43	correct-error	gaia	17,18,19	50	25.0	0	0.0	0.41333333333333333	0.7333333333333334	0.7333333333333334	stepfinder	43
True	qwen3.5-9b	stepfinder.s43	correct-error	hotpot	17,18,19	578	289.0	0	0.0	0.23875432525951557	0.6539792387543253	0.6539792387543253	stepfinder	43
True	qwen3.5-9b	stepfinder.s43	correct-error	math500	17,18,19	157	79.0	0	0.0	0.3375527426160338	0.4430379746835443	0.4430379746835443	stepfinder	43
True	qwen3.5-9b	stepfinder.s43	correct-error	mmlu_pro	17,18,19	92	46.0	0	0.0	0.2826086956521739	0.45652173913043476	0.45652173913043476	stepfinder	43
True	qwen3.5-9b	stepfinder.s43	correct-error	musique	17,18,19	312	156.0	0	0.0	0.1794871794871795	0.5897435897435898	0.5897435897435898	stepfinder	43
True	qwen3.5-9b	stepfinder.s43	correct-error	wikimqa	17,18,19	733	367.0	0	0.0	0.15622161671207993	0.6875567665758401	0.6875567665758401	stepfinder	43
True	qwen3.5-9b	stepfinder.s43	traceelephant	captain	2,3,4	85	43.0	0	0.0	0.17054263565891473	0.48062015503875966	0.48062015503875966	stepfinder	43
True	qwen3.5-9b	stepfinder.s43	traceelephant	magentic	9,10,11	91	46.0	0	0.0	0.07971014492753624	0.5652173913043478	0.5652173913043478	stepfinder	43
True	qwen3.5-9b	stepfinder.s43	ww	algorithm-generated	38,39,40	126	63.0	0	0.0	0.14814814814814814	0.4021164021164021	0.4021164021164021	stepfinder	43
True	qwen3.5-9b	stepfinder.s43	ww	hand-crafted	13,14,15	58	29.0	0	0.0	0.10344827586206896	0.3563218390804597	0.3563218390804597	stepfinder	43
True	qwen3.5-9b	stepfinder.s44	correct-error	arc	17,18,19	304	152.0	0	0.0	0.3684210526315789	0.456140350877193	0.456140350877193	stepfinder	44
True	qwen3.5-9b	stepfinder.s44	correct-error	gaia	17,18,19	50	25.0	0	0.0	0.5466666666666667	0.7066666666666667	0.7066666666666667	stepfinder	44
True	qwen3.5-9b	stepfinder.s44	correct-error	hotpot	17,18,19	578	289.0	0	0.0	0.2664359861591696	0.6343713956170703	0.6343713956170703	stepfinder	44
True	qwen3.5-9b	stepfinder.s44	correct-error	math500	17,18,19	157	79.0	0	0.0	0.5316455696202532	0.5400843881856541	0.5400843881856541	stepfinder	44
True	qwen3.5-9b	stepfinder.s44	correct-error	mmlu_pro	17,18,19	92	46.0	0	0.0	0.3115942028985507	0.463768115942029	0.463768115942029	stepfinder	44
True	qwen3.5-9b	stepfinder.s44	correct-error	musique	17,18,19	312	156.0	0	0.0	0.20726495726495728	0.576923076923077	0.576923076923077	stepfinder	44
True	qwen3.5-9b	stepfinder.s44	correct-error	wikimqa	17,18,19	733	367.0	0	0.0	0.1952770208900999	0.6821071752951862	0.6821071752951862	stepfinder	44
True	qwen3.5-9b	stepfinder.s44	traceelephant	captain	2,3,4	85	43.0	0	0.0	0.12403100775193798	0.42635658914728686	0.42635658914728686	stepfinder	44
True	qwen3.5-9b	stepfinder.s44	traceelephant	magentic	9,10,11	91	46.0	0	0.0	0.08695652173913043	0.6086956521739131	0.6086956521739131	stepfinder	44
True	qwen3.5-9b	stepfinder.s44	ww	algorithm-generated	38,39,40	126	63.0	0	0.0	0.20105820105820105	0.4497354497354497	0.4497354497354497	stepfinder	44
True	qwen3.5-9b	stepfinder.s44	ww	hand-crafted	13,14,15	58	29.0	0	0.0	0.19540229885057472	0.4597701149425288	0.4597701149425288	stepfinder	44
True	qwen3.5-9b	stepfinder.s45	correct-error	arc	17,18,19	304	152.0	0	0.0	0.3442982456140351	0.4364035087719298	0.4364035087719298	stepfinder	45
True	qwen3.5-9b	stepfinder.s45	correct-error	gaia	17,18,19	50	25.0	0	0.0	0.19999999999999998	0.5466666666666667	0.5466666666666667	stepfinder	45
True	qwen3.5-9b	stepfinder.s45	correct-error	hotpot	17,18,19	578	289.0	0	0.0	0.15109573241061128	0.6378316032295271	0.6378316032295271	stepfinder	45
True	qwen3.5-9b	stepfinder.s45	correct-error	math500	17,18,19	157	79.0	0	0.0	0.1687763713080169	0.24050632911392408	0.24050632911392408	stepfinder	45
True	qwen3.5-9b	stepfinder.s45	correct-error	mmlu_pro	17,18,19	92	46.0	0	0.0	0.2246376811594203	0.3550724637681159	0.3550724637681159	stepfinder	45
True	qwen3.5-9b	stepfinder.s45	correct-error	musique	17,18,19	312	156.0	0	0.0	0.07051282051282051	0.5854700854700855	0.5854700854700855	stepfinder	45
True	qwen3.5-9b	stepfinder.s45	correct-error	wikimqa	17,18,19	733	367.0	0	0.0	0.07084468664850137	0.6684831970935513	0.6684831970935513	stepfinder	45
True	qwen3.5-9b	stepfinder.s45	traceelephant	captain	2,3,4	85	43.0	0	0.0	0.13953488372093023	0.40310077519379844	0.40310077519379844	stepfinder	45
True	qwen3.5-9b	stepfinder.s45	traceelephant	magentic	9,10,11	91	46.0	0	0.0	0.10869565217391304	0.6304347826086957	0.6304347826086957	stepfinder	45
True	qwen3.5-9b	stepfinder.s45	ww	algorithm-generated	38,39,40	126	63.0	0	0.0	0.15873015873015872	0.42857142857142855	0.42857142857142855	stepfinder	45
True	qwen3.5-9b	stepfinder.s45	ww	hand-crafted	13,14,15	58	29.0	0	0.0	0.0574712643678161	0.3333333333333333	0.3333333333333333	stepfinder	45
True	qwen3.5-9b	stepfinder.s46	correct-error	arc	17,18,19	304	152.0	0	0.0	0.3421052631578947	0.4364035087719298	0.4364035087719298	stepfinder	46
True	qwen3.5-9b	stepfinder.s46	correct-error	gaia	17,18,19	50	25.0	0	0.0	0.39999999999999997	0.6666666666666666	0.6666666666666666	stepfinder	46
True	qwen3.5-9b	stepfinder.s46	correct-error	hotpot	17,18,19	578	289.0	0	0.0	0.273356401384083	0.6678200692041522	0.6678200692041522	stepfinder	46
True	qwen3.5-9b	stepfinder.s46	correct-error	math500	17,18,19	157	79.0	0	0.0	0.49367088607594933	0.5021097046413502	0.5021097046413502	stepfinder	46
True	qwen3.5-9b	stepfinder.s46	correct-error	mmlu_pro	17,18,19	92	46.0	0	0.0	0.38405797101449274	0.5072463768115942	0.5072463768115942	stepfinder	46
True	qwen3.5-9b	stepfinder.s46	correct-error	musique	17,18,19	312	156.0	0	0.0	0.2606837606837607	0.6196581196581197	0.6196581196581197	stepfinder	46
True	qwen3.5-9b	stepfinder.s46	correct-error	wikimqa	17,18,19	733	367.0	0	0.0	0.21525885558583105	0.6993642143505904	0.6993642143505904	stepfinder	46
True	qwen3.5-9b	stepfinder.s46	traceelephant	captain	2,3,4	85	43.0	0	0.0	0.13178294573643412	0.4108527131782946	0.4108527131782946	stepfinder	46
True	qwen3.5-9b	stepfinder.s46	traceelephant	magentic	9,10,11	91	46.0	0	0.0	0.07971014492753624	0.5652173913043478	0.5652173913043478	stepfinder	46
True	qwen3.5-9b	stepfinder.s46	ww	algorithm-generated	38,39,40	126	63.0	0	0.0	0.22751322751322753	0.5026455026455027	0.5026455026455027	stepfinder	46
True	qwen3.5-9b	stepfinder.s46	ww	hand-crafted	13,14,15	58	29.0	0	0.0	0.14942528735632185	0.37931034482758624	0.37931034482758624	stepfinder	46
