column	with_gt	judge	method	step_acc	agent_acc	n_subsets	family	train_seed
WW-AG	False	deepseek-8b	oat.s42	0.13227513227513227	0.4497354497354497	1	oat	42
WW-AG	False	deepseek-8b	oat.s43	0.12169312169312169	0.4021164021164021	1	oat	43
WW-AG	False	deepseek-8b	oat.s44	0.12169312169312169	0.42328042328042326	1	oat	44
WW-AG	False	deepseek-8b	oat.s45	0.13227513227513227	0.4444444444444444	1	oat	45
WW-AG	False	deepseek-8b	oat.s46	0.12698412698412698	0.3968253968253968	1	oat	46
WW-AG	False	deepseek-8b	stepfinder.s42	0.2169312169312169	0.5132275132275131	1	stepfinder	42
WW-AG	False	deepseek-8b	stepfinder.s43	0.25396825396825395	0.5185185185185185	1	stepfinder	43
WW-AG	False	deepseek-8b	stepfinder.s44	0.17460317460317457	0.49206349206349204	1	stepfinder	44
WW-AG	False	deepseek-8b	stepfinder.s45	0.1111111111111111	0.43915343915343913	1	stepfinder	45
WW-AG	False	deepseek-8b	stepfinder.s46	0.19047619047619047	0.48677248677248675	1	stepfinder	46
WW-AG	False	qwen3-embedding-0.6b	stepfinder.s42	0.23809523809523805	0.4973544973544974	1	stepfinder	42
WW-AG	False	qwen3-embedding-0.6b	stepfinder.s43	0.25396825396825395	0.4656084656084656	1	stepfinder	43
WW-AG	False	qwen3-embedding-0.6b	stepfinder.s44	0.23809523809523805	0.4708994708994709	1	stepfinder	44
WW-AG	False	qwen3-embedding-0.6b	stepfinder.s45	0.19576719576719573	0.4497354497354497	1	stepfinder	45
WW-AG	False	qwen3-embedding-0.6b	stepfinder.s46	0.2751322751322751	0.4656084656084656	1	stepfinder	46
WW-AG	False	qwen3.5-9b	oat.s42	0.14814814814814814	0.41269841269841273	1	oat	42
WW-AG	False	qwen3.5-9b	oat.s43	0.15873015873015872	0.3862433862433862	1	oat	43
WW-AG	False	qwen3.5-9b	oat.s44	0.15873015873015872	0.4021164021164021	1	oat	44
WW-AG	False	qwen3.5-9b	oat.s45	0.17989417989417988	0.41269841269841273	1	oat	45
WW-AG	False	qwen3.5-9b	oat.s46	0.19047619047619047	0.41269841269841273	1	oat	46
WW-AG	False	qwen3.5-9b	stepfinder.s42	0.1693121693121693	0.3439153439153439	1	stepfinder	42
WW-AG	False	qwen3.5-9b	stepfinder.s43	0.13756613756613756	0.4444444444444444	1	stepfinder	43
WW-AG	False	qwen3.5-9b	stepfinder.s44	0.14814814814814814	0.3386243386243386	1	stepfinder	44
WW-AG	False	qwen3.5-9b	stepfinder.s45	0.12698412698412698	0.3862433862433862	1	stepfinder	45
WW-AG	False	qwen3.5-9b	stepfinder.s46	0.21164021164021163	0.4497354497354497	1	stepfinder	46
WW-AG	True	deepseek-8b	oat.s42	0.19576719576719573	0.4761904761904762	1	oat	42
WW-AG	True	deepseek-8b	oat.s43	0.20634920634920637	0.43915343915343913	1	oat	43
WW-AG	True	deepseek-8b	oat.s44	0.2222222222222222	0.48148148148148145	1	oat	44
WW-AG	True	deepseek-8b	oat.s45	0.20634920634920637	0.4603174603174603	1	oat	45
WW-AG	True	deepseek-8b	oat.s46	0.21164021164021163	0.4656084656084656	1	oat	46
WW-AG	True	deepseek-8b	stepfinder.s42	0.2169312169312169	0.42857142857142855	1	stepfinder	42
WW-AG	True	deepseek-8b	stepfinder.s43	0.22751322751322753	0.5026455026455027	1	stepfinder	43
WW-AG	True	deepseek-8b	stepfinder.s44	0.19576719576719573	0.4021164021164021	1	stepfinder	44
WW-AG	True	deepseek-8b	stepfinder.s45	0.13756613756613756	0.36507936507936506	1	stepfinder	45
WW-AG	True	deepseek-8b	stepfinder.s46	0.1693121693121693	0.37566137566137564	1	stepfinder	46
WW-AG	True	qwen3-embedding-0.6b	stepfinder.s42	0.1851851851851852	0.4656084656084656	1	stepfinder	42
WW-AG	True	qwen3-embedding-0.6b	stepfinder.s43	0.2751322751322751	0.48148148148148145	1	stepfinder	43
WW-AG	True	qwen3-embedding-0.6b	stepfinder.s44	0.23809523809523805	0.42328042328042326	1	stepfinder	44
WW-AG	True	qwen3-embedding-0.6b	stepfinder.s45	0.15873015873015872	0.4074074074074074	1	stepfinder	45
WW-AG	True	qwen3-embedding-0.6b	stepfinder.s46	0.2328042328042328	0.4021164021164021	1	stepfinder	46
WW-AG	True	qwen3.5-9b	oat.s42	0.21164021164021163	0.45502645502645506	1	oat	42
WW-AG	True	qwen3.5-9b	oat.s43	0.20105820105820105	0.4338624338624338	1	oat	43
WW-AG	True	qwen3.5-9b	oat.s44	0.21164021164021163	0.4603174603174603	1	oat	44
WW-AG	True	qwen3.5-9b	oat.s45	0.22751322751322753	0.45502645502645506	1	oat	45
WW-AG	True	qwen3.5-9b	oat.s46	0.25396825396825395	0.4708994708994709	1	oat	46
WW-AG	True	qwen3.5-9b	stepfinder.s42	0.19047619047619047	0.42857142857142855	1	stepfinder	42
WW-AG	True	qwen3.5-9b	stepfinder.s43	0.14814814814814814	0.4021164021164021	1	stepfinder	43
WW-AG	True	qwen3.5-9b	stepfinder.s44	0.20105820105820105	0.4497354497354497	1	stepfinder	44
WW-AG	True	qwen3.5-9b	stepfinder.s45	0.15873015873015872	0.42857142857142855	1	stepfinder	45
WW-AG	True	qwen3.5-9b	stepfinder.s46	0.22751322751322753	0.5026455026455027	1	stepfinder	46
WW-HC	False	deepseek-8b	oat.s42	0.19540229885057472	0.5862068965517241	1	oat	42
WW-HC	False	deepseek-8b	oat.s43	0.14942528735632185	0.5287356321839081	1	oat	43
WW-HC	False	deepseek-8b	oat.s44	0.14942528735632185	0.5747126436781609	1	oat	44
WW-HC	False	deepseek-8b	oat.s45	0.1149425287356322	0.5747126436781609	1	oat	45
WW-HC	False	deepseek-8b	oat.s46	0.1839080459770115	0.5517241379310345	1	oat	46
WW-HC	False	deepseek-8b	stepfinder.s42	0.13793103448275862	0.4252873563218391	1	stepfinder	42
WW-HC	False	deepseek-8b	stepfinder.s43	0.034482758620689655	0.28735632183908044	1	stepfinder	43
WW-HC	False	deepseek-8b	stepfinder.s44	0.06896551724137931	0.367816091954023	1	stepfinder	44
WW-HC	False	deepseek-8b	stepfinder.s45	0.16091954022988506	0.5057471264367815	1	stepfinder	45
WW-HC	False	deepseek-8b	stepfinder.s46	0.13793103448275862	0.471264367816092	1	stepfinder	46
WW-HC	False	qwen3-embedding-0.6b	stepfinder.s42	0.10344827586206896	0.42528735632183906	1	stepfinder	42
WW-HC	False	qwen3-embedding-0.6b	stepfinder.s43	0.10344827586206896	0.4942528735632184	1	stepfinder	43
WW-HC	False	qwen3-embedding-0.6b	stepfinder.s44	0.1264367816091954	0.47126436781609193	1	stepfinder	44
WW-HC	False	qwen3-embedding-0.6b	stepfinder.s45	0.10344827586206896	0.41379310344827586	1	stepfinder	45
WW-HC	False	qwen3-embedding-0.6b	stepfinder.s46	0.14942528735632185	0.43678160919540227	1	stepfinder	46
WW-HC	False	qwen3.5-9b	oat.s42	0.09195402298850575	0.5402298850574713	1	oat	42
WW-HC	False	qwen3.5-9b	oat.s43	0.09195402298850575	0.47126436781609193	1	oat	43
WW-HC	False	qwen3.5-9b	oat.s44	0.1149425287356322	0.5632183908045977	1	oat	44
WW-HC	False	qwen3.5-9b	oat.s45	0.1149425287356322	0.5402298850574713	1	oat	45
WW-HC	False	qwen3.5-9b	oat.s46	0.09195402298850575	0.5402298850574713	1	oat	46
WW-HC	False	qwen3.5-9b	stepfinder.s42	0.16091954022988506	0.3448275862068966	1	stepfinder	42
WW-HC	False	qwen3.5-9b	stepfinder.s43	0.10344827586206896	0.3563218390804597	1	stepfinder	43
WW-HC	False	qwen3.5-9b	stepfinder.s44	0.19540229885057472	0.4597701149425288	1	stepfinder	44
WW-HC	False	qwen3.5-9b	stepfinder.s45	0.0574712643678161	0.3333333333333333	1	stepfinder	45
WW-HC	False	qwen3.5-9b	stepfinder.s46	0.14942528735632185	0.3563218390804597	1	stepfinder	46
WW-HC	True	deepseek-8b	oat.s42	0.1839080459770115	0.5747126436781609	1	oat	42
WW-HC	True	deepseek-8b	oat.s43	0.14942528735632185	0.5632183908045977	1	oat	43
WW-HC	True	deepseek-8b	oat.s44	0.1839080459770115	0.5287356321839081	1	oat	44
WW-HC	True	deepseek-8b	oat.s45	0.16091954022988506	0.6206896551724138	1	oat	45
WW-HC	True	deepseek-8b	oat.s46	0.1724137931034483	0.5402298850574713	1	oat	46
WW-HC	True	deepseek-8b	stepfinder.s42	0.1149425287356322	0.37931034482758624	1	stepfinder	42
WW-HC	True	deepseek-8b	stepfinder.s43	0.034482758620689655	0.28735632183908044	1	stepfinder	43
WW-HC	True	deepseek-8b	stepfinder.s44	0.06896551724137931	0.367816091954023	1	stepfinder	44
WW-HC	True	deepseek-8b	stepfinder.s45	0.13793103448275862	0.4827586206896552	1	stepfinder	45
WW-HC	True	deepseek-8b	stepfinder.s46	0.13793103448275862	0.4942528735632184	1	stepfinder	46
WW-HC	True	qwen3-embedding-0.6b	stepfinder.s42	0.10344827586206896	0.42528735632183906	1	stepfinder	42
WW-HC	True	qwen3-embedding-0.6b	stepfinder.s43	0.08045977011494253	0.4942528735632184	1	stepfinder	43
WW-HC	True	qwen3-embedding-0.6b	stepfinder.s44	0.1264367816091954	0.47126436781609193	1	stepfinder	44
WW-HC	True	qwen3-embedding-0.6b	stepfinder.s45	0.08045977011494253	0.367816091954023	1	stepfinder	45
WW-HC	True	qwen3-embedding-0.6b	stepfinder.s46	0.1264367816091954	0.41379310344827586	1	stepfinder	46
WW-HC	True	qwen3.5-9b	oat.s42	0.08045977011494253	0.5632183908045977	1	oat	42
WW-HC	True	qwen3.5-9b	oat.s43	0.08045977011494253	0.47126436781609193	1	oat	43
WW-HC	True	qwen3.5-9b	oat.s44	0.08045977011494253	0.5287356321839081	1	oat	44
WW-HC	True	qwen3.5-9b	oat.s45	0.08045977011494253	0.5632183908045977	1	oat	45
WW-HC	True	qwen3.5-9b	oat.s46	0.08045977011494253	0.5172413793103449	1	oat	46
WW-HC	True	qwen3.5-9b	stepfinder.s42	0.13793103448275865	0.3218390804597701	1	stepfinder	42
WW-HC	True	qwen3.5-9b	stepfinder.s43	0.10344827586206896	0.3563218390804597	1	stepfinder	43
WW-HC	True	qwen3.5-9b	stepfinder.s44	0.19540229885057472	0.4597701149425288	1	stepfinder	44
WW-HC	True	qwen3.5-9b	stepfinder.s45	0.0574712643678161	0.3333333333333333	1	stepfinder	45
WW-HC	True	qwen3.5-9b	stepfinder.s46	0.14942528735632185	0.37931034482758624	1	stepfinder	46
CE	False	deepseek-8b	oat.s42	0.5246117306394747	0.6926954678590539	7	oat	42
CE	False	deepseek-8b	oat.s43	0.5307210931427859	0.6876405594260078	7	oat	43
CE	False	deepseek-8b	oat.s44	0.5287297610230383	0.6996428681187401	7	oat	44
CE	False	deepseek-8b	oat.s45	0.5236131969577598	0.6874173118961865	7	oat	45
CE	False	deepseek-8b	oat.s46	0.5174241444008872	0.6845386901521938	7	oat	46
CE	False	deepseek-8b	stepfinder.s42	0.37053391808342134	0.7200242211918786	7	stepfinder	42
CE	False	deepseek-8b	stepfinder.s43	0.2741729290013246	0.5448807728558288	7	stepfinder	43
CE	False	deepseek-8b	stepfinder.s44	0.43405494820601837	0.698875917847001	7	stepfinder	44
CE	False	deepseek-8b	stepfinder.s45	0.3890319696084193	0.6796172774928104	7	stepfinder	45
CE	False	deepseek-8b	stepfinder.s46	0.37763316026305016	0.7210382346645173	7	stepfinder	46
CE	False	qwen3-embedding-0.6b	stepfinder.s42	0.28309161063178245	0.606421852347397	7	stepfinder	42
CE	False	qwen3-embedding-0.6b	stepfinder.s43	0.2426623784673975	0.5460480603821476	7	stepfinder	43
CE	False	qwen3-embedding-0.6b	stepfinder.s44	0.41070799809230457	0.6613891805194649	7	stepfinder	44
CE	False	qwen3-embedding-0.6b	stepfinder.s45	0.36521192623104287	0.6239463533575602	7	stepfinder	45
CE	False	qwen3-embedding-0.6b	stepfinder.s46	0.3360727036801001	0.6474051213979237	7	stepfinder	46
CE	False	qwen3.5-9b	oat.s42	0.5652681323840743	0.6998442623267617	7	oat	42
CE	False	qwen3.5-9b	oat.s43	0.5633644778844653	0.7051418771520381	7	oat	43
CE	False	qwen3.5-9b	oat.s44	0.5633779497290637	0.7068279289450121	7	oat	44
CE	False	qwen3.5-9b	oat.s45	0.5667409377736191	0.7073909219091926	7	oat	45
CE	False	qwen3.5-9b	oat.s46	0.5662195795840173	0.7099878097862	7	oat	46
CE	False	qwen3.5-9b	stepfinder.s42	0.32111994101988606	0.6370825742364504	7	stepfinder	42
CE	False	qwen3.5-9b	stepfinder.s43	0.2766755790554381	0.6050157947389401	7	stepfinder	43
CE	False	qwen3.5-9b	stepfinder.s44	0.4353289531707502	0.6679371393829711	7	stepfinder	44
CE	False	qwen3.5-9b	stepfinder.s45	0.11537938792650124	0.45538831621785697	7	stepfinder	45
CE	False	qwen3.5-9b	stepfinder.s46	0.3531555435909328	0.6360742573601329	7	stepfinder	46
CE	True	deepseek-8b	oat.s42	0.5242700629052208	0.6978179223699763	7	oat	42
CE	True	deepseek-8b	oat.s43	0.5254529389132075	0.6918188923403686	7	oat	43
CE	True	deepseek-8b	oat.s44	0.5323510992442185	0.696549545969698	7	oat	44
CE	True	deepseek-8b	oat.s45	0.5235119480159014	0.693326631970761	7	oat	45
CE	True	deepseek-8b	oat.s46	0.5140751111151928	0.6900767090224935	7	oat	46
CE	True	deepseek-8b	stepfinder.s42	0.2060975000204691	0.5823501158714797	7	stepfinder	42
CE	True	deepseek-8b	stepfinder.s43	0.160470826445848	0.4386742659884036	7	stepfinder	43
CE	True	deepseek-8b	stepfinder.s44	0.31217440668785107	0.589406754877021	7	stepfinder	44
CE	True	deepseek-8b	stepfinder.s45	0.272403549255343	0.5596071804987309	7	stepfinder	45
CE	True	deepseek-8b	stepfinder.s46	0.29843519493818504	0.6234900467679558	7	stepfinder	46
CE	True	qwen3-embedding-0.6b	stepfinder.s42	0.2727694899254943	0.5885646973791977	7	stepfinder	42
CE	True	qwen3-embedding-0.6b	stepfinder.s43	0.21335143218942249	0.5120984907791468	7	stepfinder	43
CE	True	qwen3-embedding-0.6b	stepfinder.s44	0.38990670020606094	0.6395174717595511	7	stepfinder	44
CE	True	qwen3-embedding-0.6b	stepfinder.s45	0.3153921609985003	0.5737462343185608	7	stepfinder	45
CE	True	qwen3-embedding-0.6b	stepfinder.s46	0.3116461018634939	0.619239501690086	7	stepfinder	46
CE	True	qwen3.5-9b	oat.s42	0.5620711099971692	0.6966482776877497	7	oat	42
CE	True	qwen3.5-9b	oat.s43	0.5653623323800518	0.7016335662237513	7	oat	43
CE	True	qwen3.5-9b	oat.s44	0.5607440019273712	0.7066241408663486	7	oat	44
CE	True	qwen3.5-9b	oat.s45	0.5610659216115649	0.7038100791947974	7	oat	45
CE	True	qwen3.5-9b	oat.s46	0.5610215103367684	0.7032069662840023	7	oat	46
CE	True	qwen3.5-9b	stepfinder.s42	0.29142601836213666	0.5772137779604989	7	stepfinder	42
CE	True	qwen3.5-9b	stepfinder.s43	0.27356791955999504	0.5661850641769445	7	stepfinder	43
CE	True	qwen3.5-9b	stepfinder.s44	0.34675792230446806	0.5800087385009823	7	stepfinder	44
CE	True	qwen3.5-9b	stepfinder.s45	0.1757379339504865	0.49577626487340004	7	stepfinder	45
CE	True	qwen3.5-9b	stepfinder.s46	0.33844759112885875	0.5856098085863434	7	stepfinder	46
TE-Cap	False	deepseek-8b	oat.s42	0.17829457364341086	0.5193798449612402	1	oat	42
TE-Cap	False	deepseek-8b	oat.s43	0.16279069767441862	0.49612403100775193	1	oat	43
TE-Cap	False	deepseek-8b	oat.s44	0.17829457364341086	0.4573643410852713	1	oat	44
TE-Cap	False	deepseek-8b	oat.s45	0.20155038759689922	0.5116279069767442	1	oat	45
TE-Cap	False	deepseek-8b	oat.s46	0.17829457364341086	0.5193798449612403	1	oat	46
TE-Cap	False	deepseek-8b	stepfinder.s42	0.18604651162790697	0.5658914728682171	1	stepfinder	42
TE-Cap	False	deepseek-8b	stepfinder.s43	0.11627906976744186	0.37209302325581395	1	stepfinder	43
TE-Cap	False	deepseek-8b	stepfinder.s44	0.046511627906976744	0.2558139534883721	1	stepfinder	44
TE-Cap	False	deepseek-8b	stepfinder.s45	0.2170542635658915	0.5038759689922481	1	stepfinder	45
TE-Cap	False	deepseek-8b	stepfinder.s46	0.17054263565891473	0.5581395348837209	1	stepfinder	46
TE-Cap	False	qwen3-embedding-0.6b	stepfinder.s42	0.20930232558139536	0.46511627906976744	1	stepfinder	42
TE-Cap	False	qwen3-embedding-0.6b	stepfinder.s43	0.20155038759689922	0.5581395348837209	1	stepfinder	43
TE-Cap	False	qwen3-embedding-0.6b	stepfinder.s44	0.18604651162790697	0.44961240310077516	1	stepfinder	44
TE-Cap	False	qwen3-embedding-0.6b	stepfinder.s45	0.15503875968992248	0.4883720930232558	1	stepfinder	45
TE-Cap	False	qwen3-embedding-0.6b	stepfinder.s46	0.14728682170542637	0.5038759689922481	1	stepfinder	46
TE-Cap	False	qwen3.5-9b	oat.s42	0.14728682170542637	0.4883720930232558	1	oat	42
TE-Cap	False	qwen3.5-9b	oat.s43	0.13953488372093023	0.49612403100775193	1	oat	43
TE-Cap	False	qwen3.5-9b	oat.s44	0.1627906976744186	0.5038759689922481	1	oat	44
TE-Cap	False	qwen3.5-9b	oat.s45	0.17054263565891473	0.4186046511627907	1	oat	45
TE-Cap	False	qwen3.5-9b	oat.s46	0.14728682170542637	0.42635658914728686	1	oat	46
TE-Cap	False	qwen3.5-9b	stepfinder.s42	0.17829457364341084	0.4728682170542636	1	stepfinder	42
TE-Cap	False	qwen3.5-9b	stepfinder.s43	0.2170542635658915	0.5426356589147286	1	stepfinder	43
TE-Cap	False	qwen3.5-9b	stepfinder.s44	0.11627906976744186	0.3875968992248062	1	stepfinder	44
TE-Cap	False	qwen3.5-9b	stepfinder.s45	0.20930232558139536	0.49612403100775193	1	stepfinder	45
TE-Cap	False	qwen3.5-9b	stepfinder.s46	0.1937984496124031	0.4883720930232558	1	stepfinder	46
TE-Cap	True	deepseek-8b	oat.s42	0.20155038759689922	0.5348837209302325	1	oat	42
TE-Cap	True	deepseek-8b	oat.s43	0.1937984496124031	0.5193798449612403	1	oat	43
TE-Cap	True	deepseek-8b	oat.s44	0.1550387596899225	0.49612403100775193	1	oat	44
TE-Cap	True	deepseek-8b	oat.s45	0.1627906976744186	0.5271317829457365	1	oat	45
TE-Cap	True	deepseek-8b	oat.s46	0.1937984496124031	0.5116279069767442	1	oat	46
TE-Cap	True	deepseek-8b	stepfinder.s42	0.2170542635658915	0.5581395348837209	1	stepfinder	42
TE-Cap	True	deepseek-8b	stepfinder.s43	0.1627906976744186	0.5348837209302326	1	stepfinder	43
TE-Cap	True	deepseek-8b	stepfinder.s44	0.031007751937984496	0.31007751937984496	1	stepfinder	44
TE-Cap	True	deepseek-8b	stepfinder.s45	0.18604651162790697	0.5038759689922481	1	stepfinder	45
TE-Cap	True	deepseek-8b	stepfinder.s46	0.15503875968992248	0.5658914728682171	1	stepfinder	46
TE-Cap	True	qwen3-embedding-0.6b	stepfinder.s42	0.17054263565891473	0.441860465116279	1	stepfinder	42
TE-Cap	True	qwen3-embedding-0.6b	stepfinder.s43	0.1627906976744186	0.5503875968992248	1	stepfinder	43
TE-Cap	True	qwen3-embedding-0.6b	stepfinder.s44	0.13953488372093023	0.44186046511627913	1	stepfinder	44
TE-Cap	True	qwen3-embedding-0.6b	stepfinder.s45	0.14728682170542637	0.49612403100775193	1	stepfinder	45
TE-Cap	True	qwen3-embedding-0.6b	stepfinder.s46	0.1317829457364341	0.5038759689922481	1	stepfinder	46
TE-Cap	True	qwen3.5-9b	oat.s42	0.18604651162790697	0.5116279069767442	1	oat	42
TE-Cap	True	qwen3.5-9b	oat.s43	0.14728682170542637	0.4883720930232558	1	oat	43
TE-Cap	True	qwen3.5-9b	oat.s44	0.18604651162790697	0.49612403100775193	1	oat	44
TE-Cap	True	qwen3.5-9b	oat.s45	0.186046511627907	0.5116279069767442	1	oat	45
TE-Cap	True	qwen3.5-9b	oat.s46	0.1937984496124031	0.5348837209302325	1	oat	46
TE-Cap	True	qwen3.5-9b	stepfinder.s42	0.11627906976744186	0.40310077519379844	1	stepfinder	42
TE-Cap	True	qwen3.5-9b	stepfinder.s43	0.17054263565891473	0.48062015503875966	1	stepfinder	43
TE-Cap	True	qwen3.5-9b	stepfinder.s44	0.12403100775193798	0.42635658914728686	1	stepfinder	44
TE-Cap	True	qwen3.5-9b	stepfinder.s45	0.13953488372093023	0.40310077519379844	1	stepfinder	45
TE-Cap	True	qwen3.5-9b	stepfinder.s46	0.13178294573643412	0.4108527131782946	1	stepfinder	46
TE-Mag	False	deepseek-8b	oat.s42	0.13768115942028986	0.6521739130434783	1	oat	42
TE-Mag	False	deepseek-8b	oat.s43	0.13043478260869565	0.6376811594202899	1	oat	43
TE-Mag	False	deepseek-8b	oat.s44	0.13043478260869565	0.6159420289855073	1	oat	44
TE-Mag	False	deepseek-8b	oat.s45	0.12318840579710144	0.6231884057971014	1	oat	45
TE-Mag	False	deepseek-8b	oat.s46	0.13043478260869565	0.6666666666666666	1	oat	46
TE-Mag	False	deepseek-8b	stepfinder.s42	0.057971014492753624	0.5942028985507246	1	stepfinder	42
TE-Mag	False	deepseek-8b	stepfinder.s43	0.0	0.3043478260869565	1	stepfinder	43
TE-Mag	False	deepseek-8b	stepfinder.s44	0.028985507246376812	0.41304347826086957	1	stepfinder	44
TE-Mag	False	deepseek-8b	stepfinder.s45	0.07246376811594203	0.5	1	stepfinder	45
TE-Mag	False	deepseek-8b	stepfinder.s46	0.050724637681159424	0.31884057971014496	1	stepfinder	46
TE-Mag	False	qwen3-embedding-0.6b	stepfinder.s42	0.2318840579710145	0.6811594202898551	1	stepfinder	42
TE-Mag	False	qwen3-embedding-0.6b	stepfinder.s43	0.24637681159420288	0.7536231884057972	1	stepfinder	43
TE-Mag	False	qwen3-embedding-0.6b	stepfinder.s44	0.11594202898550725	0.6159420289855073	1	stepfinder	44
TE-Mag	False	qwen3-embedding-0.6b	stepfinder.s45	0.21739130434782608	0.7318840579710145	1	stepfinder	45
TE-Mag	False	qwen3-embedding-0.6b	stepfinder.s46	0.24637681159420288	0.7608695652173912	1	stepfinder	46
TE-Mag	False	qwen3.5-9b	oat.s42	0.19565217391304346	0.6014492753623188	1	oat	42
TE-Mag	False	qwen3.5-9b	oat.s43	0.1884057971014493	0.6231884057971014	1	oat	43
TE-Mag	False	qwen3.5-9b	oat.s44	0.1884057971014493	0.6594202898550724	1	oat	44
TE-Mag	False	qwen3.5-9b	oat.s45	0.19565217391304346	0.6159420289855072	1	oat	45
TE-Mag	False	qwen3.5-9b	oat.s46	0.17391304347826086	0.6014492753623188	1	oat	46
TE-Mag	False	qwen3.5-9b	stepfinder.s42	0.09420289855072463	0.6014492753623188	1	stepfinder	42
TE-Mag	False	qwen3.5-9b	stepfinder.s43	0.043478260869565216	0.5144927536231884	1	stepfinder	43
TE-Mag	False	qwen3.5-9b	stepfinder.s44	0.07246376811594203	0.5942028985507246	1	stepfinder	44
TE-Mag	False	qwen3.5-9b	stepfinder.s45	0.07971014492753624	0.6304347826086957	1	stepfinder	45
TE-Mag	False	qwen3.5-9b	stepfinder.s46	0.043478260869565216	0.5507246376811594	1	stepfinder	46
TE-Mag	True	deepseek-8b	oat.s42	0.16666666666666666	0.6811594202898551	1	oat	42
TE-Mag	True	deepseek-8b	oat.s43	0.13768115942028986	0.6739130434782609	1	oat	43
TE-Mag	True	deepseek-8b	oat.s44	0.13043478260869565	0.6666666666666666	1	oat	44
TE-Mag	True	deepseek-8b	oat.s45	0.12318840579710144	0.6811594202898551	1	oat	45
TE-Mag	True	deepseek-8b	oat.s46	0.13043478260869565	0.6811594202898551	1	oat	46
TE-Mag	True	deepseek-8b	stepfinder.s42	0.07971014492753624	0.6666666666666666	1	stepfinder	42
TE-Mag	True	deepseek-8b	stepfinder.s43	0.014492753623188406	0.4275362318840579	1	stepfinder	43
TE-Mag	True	deepseek-8b	stepfinder.s44	0.057971014492753624	0.5217391304347826	1	stepfinder	44
TE-Mag	True	deepseek-8b	stepfinder.s45	0.07971014492753624	0.47826086956521735	1	stepfinder	45
TE-Mag	True	deepseek-8b	stepfinder.s46	0.07971014492753624	0.4492753623188406	1	stepfinder	46
TE-Mag	True	qwen3-embedding-0.6b	stepfinder.s42	0.1956521739130435	0.717391304347826	1	stepfinder	42
TE-Mag	True	qwen3-embedding-0.6b	stepfinder.s43	0.2246376811594203	0.782608695652174	1	stepfinder	43
TE-Mag	True	qwen3-embedding-0.6b	stepfinder.s44	0.08695652173913043	0.6231884057971014	1	stepfinder	44
TE-Mag	True	qwen3-embedding-0.6b	stepfinder.s45	0.15217391304347827	0.7028985507246377	1	stepfinder	45
TE-Mag	True	qwen3-embedding-0.6b	stepfinder.s46	0.2028985507246377	0.746376811594203	1	stepfinder	46
TE-Mag	True	qwen3.5-9b	oat.s42	0.18840579710144925	0.6811594202898551	1	oat	42
TE-Mag	True	qwen3.5-9b	oat.s43	0.21739130434782608	0.717391304347826	1	oat	43
TE-Mag	True	qwen3.5-9b	oat.s44	0.18115942028985507	0.717391304347826	1	oat	44
TE-Mag	True	qwen3.5-9b	oat.s45	0.2028985507246377	0.7101449275362318	1	oat	45
TE-Mag	True	qwen3.5-9b	oat.s46	0.2101449275362319	0.6739130434782609	1	oat	46
TE-Mag	True	qwen3.5-9b	stepfinder.s42	0.09420289855072463	0.6231884057971014	1	stepfinder	42
TE-Mag	True	qwen3.5-9b	stepfinder.s43	0.07971014492753624	0.5652173913043478	1	stepfinder	43
TE-Mag	True	qwen3.5-9b	stepfinder.s44	0.08695652173913043	0.6086956521739131	1	stepfinder	44
TE-Mag	True	qwen3.5-9b	stepfinder.s45	0.10869565217391304	0.6304347826086957	1	stepfinder	45
TE-Mag	True	qwen3.5-9b	stepfinder.s46	0.07971014492753624	0.5652173913043478	1	stepfinder	46
