with_gt	dataset	model	subset	seeds	position	c_begin	c_end	row	gamma	step_acc_test	agent_acc_test	step_acc_val	agent_acc_val
False	ww	qwen3.5-9b	algorithm-generated	3,4,5	act/27	1	7	base	0.0	0.3915343915343915	0.5238095238095238	0.38461538461538464	0.5128205128205128
False	ww	qwen3.5-9b	algorithm-generated	3,4,5	act/27	1	7	uniform-unnorm	0.6	0.1693121693121693	0.49206349206349204	0.21794871794871795	0.5128205128205128
False	ww	qwen3.5-9b	algorithm-generated	3,4,5	act/27	1	7	uniform-norm	0.6	0.4021164021164021	0.5291005291005292	0.34615384615384615	0.5128205128205128
False	ww	qwen3.5-9b	algorithm-generated	3,4,5	act/27	1	7	soap	0.6	0.4761904761904761	0.6031746031746031	0.4487179487179487	0.576923076923077
False	ww	qwen3.5-9b	hand-crafted	13,14,15	act/31	0	5	base	0.0	0.3333333333333333	0.6781609195402298	0.19444444444444445	0.6388888888888888
False	ww	qwen3.5-9b	hand-crafted	13,14,15	act/31	0	5	uniform-unnorm	0.1	0.16091954022988506	0.5977011494252874	0.2222222222222222	0.5833333333333333
False	ww	qwen3.5-9b	hand-crafted	13,14,15	act/31	0	5	uniform-norm	0.1	0.3448275862068965	0.6781609195402298	0.19444444444444445	0.611111111111111
False	ww	qwen3.5-9b	hand-crafted	13,14,15	act/31	0	5	soap	0.1	0.3448275862068966	0.6781609195402298	0.1944444444444444	0.6111111111111112
False	ww	deepseek-8b	algorithm-generated	3,4,5	act/3	1	5	base	0.0	0.3862433862433862	0.5873015873015873	0.28205128205128205	0.5512820512820513
False	ww	deepseek-8b	algorithm-generated	3,4,5	act/3	1	5	uniform-unnorm	1.0	0.164021164021164	0.5291005291005291	0.20512820512820512	0.5
False	ww	deepseek-8b	algorithm-generated	3,4,5	act/3	1	5	uniform-norm	1.0	0.3544973544973545	0.544973544973545	0.2948717948717949	0.576923076923077
False	ww	deepseek-8b	algorithm-generated	3,4,5	act/3	1	5	soap	1.0	0.4550264550264549	0.6190476190476191	0.3461538461538461	0.6153846153846154
False	ww	deepseek-8b	hand-crafted	13,14,15	act/31	0	4	base	0.0	0.28735632183908044	0.6551724137931034	0.1111111111111111	0.611111111111111
False	ww	deepseek-8b	hand-crafted	13,14,15	act/31	0	4	uniform-unnorm	0.0	0.28735632183908044	0.6551724137931034	0.1111111111111111	0.611111111111111
False	ww	deepseek-8b	hand-crafted	13,14,15	act/31	0	4	uniform-norm	0.0	0.28735632183908044	0.6551724137931034	0.1111111111111111	0.611111111111111
False	ww	deepseek-8b	hand-crafted	13,14,15	act/31	0	4	soap	0.0	0.2873563218390804	0.6551724137931035	0.111111111111111	0.6111111111111112
True	ww	qwen3.5-9b	algorithm-generated	38,39,40	act/27	1	11	base	0.0	0.4126984126984127	0.5714285714285715	0.32051282051282054	0.5384615384615384
True	ww	qwen3.5-9b	algorithm-generated	38,39,40	act/27	1	11	uniform-unnorm	1.0	0.12698412698412698	0.46560846560846564	0.16666666666666666	0.49999999999999994
True	ww	qwen3.5-9b	algorithm-generated	38,39,40	act/27	1	11	uniform-norm	1.0	0.4074074074074074	0.5608465608465609	0.358974358974359	0.5512820512820513
True	ww	qwen3.5-9b	algorithm-generated	38,39,40	act/27	1	11	soap	1.0	0.4338624338624338	0.5925925925925926	0.3461538461538462	0.5384615384615384
True	ww	qwen3.5-9b	hand-crafted	13,14,15	act/31	0	5	base	0.0	0.3333333333333333	0.6781609195402298	0.19444444444444445	0.6388888888888888
True	ww	qwen3.5-9b	hand-crafted	13,14,15	act/31	0	5	uniform-unnorm	0.1	0.16091954022988506	0.6206896551724138	0.2222222222222222	0.5277777777777778
True	ww	qwen3.5-9b	hand-crafted	13,14,15	act/31	0	5	uniform-norm	0.1	0.33333333333333337	0.6666666666666666	0.19444444444444445	0.6388888888888888
True	ww	qwen3.5-9b	hand-crafted	13,14,15	act/31	0	5	soap	0.1	0.3448275862068966	0.6781609195402298	0.1944444444444444	0.6111111111111112
True	ww	deepseek-8b	algorithm-generated	38,39,40	act/30	1	16	base	0.0	0.4021164021164021	0.5820105820105821	0.34615384615384615	0.6025641025641026
True	ww	deepseek-8b	algorithm-generated	38,39,40	act/30	1	16	uniform-unnorm	0.8	0.12698412698412698	0.46560846560846564	0.16666666666666666	0.49999999999999994
True	ww	deepseek-8b	algorithm-generated	38,39,40	act/30	1	16	uniform-norm	0.8	0.3968253968253968	0.6031746031746033	0.3461538461538462	0.5512820512820512
True	ww	deepseek-8b	algorithm-generated	38,39,40	act/30	1	16	soap	0.8	0.4497354497354496	0.6137566137566138	0.2564102564102564	0.4743589743589743
True	ww	deepseek-8b	hand-crafted	13,14,15	act/31	0	4	base	0.0	0.2988505747126437	0.6551724137931034	0.1111111111111111	0.611111111111111
True	ww	deepseek-8b	hand-crafted	13,14,15	act/31	0	4	uniform-unnorm	0.0	0.2988505747126437	0.6551724137931034	0.1111111111111111	0.611111111111111
True	ww	deepseek-8b	hand-crafted	13,14,15	act/31	0	4	uniform-norm	0.0	0.2988505747126437	0.6551724137931034	0.1111111111111111	0.611111111111111
True	ww	deepseek-8b	hand-crafted	13,14,15	act/31	0	4	soap	0.0	0.2988505747126436	0.6551724137931035	0.111111111111111	0.6111111111111112
False	correct-error	qwen3.5-9b	arc	17,18,19	embed	1	3	base	0.0	0.8135964912280701	0.8640350877192983	0.8032786885245902	0.8743169398907104
False	correct-error	qwen3.5-9b	arc	17,18,19	embed	1	3	uniform-unnorm	0.1	0.8004385964912282	0.868421052631579	0.7704918032786885	0.8579234972677596
False	correct-error	qwen3.5-9b	arc	17,18,19	embed	1	3	uniform-norm	0.1	0.8114035087719298	0.8640350877192983	0.8032786885245902	0.8633879781420766
False	correct-error	qwen3.5-9b	arc	17,18,19	embed	1	3	soap	0.1	0.8157894736842106	0.8640350877192983	0.8087431693989071	0.8633879781420766
False	correct-error	qwen3.5-9b	gaia	17,18,19	ens-mid3	1	4	base	0.0	0.68	0.7866666666666666	0.5333333333333333	0.5333333333333333
False	correct-error	qwen3.5-9b	gaia	17,18,19	ens-mid3	1	4	uniform-unnorm	0.2	0.6666666666666667	0.7733333333333333	0.5666666666666667	0.5333333333333333
False	correct-error	qwen3.5-9b	gaia	17,18,19	ens-mid3	1	4	uniform-norm	0.2	0.68	0.76	0.5333333333333333	0.5333333333333333
False	correct-error	qwen3.5-9b	gaia	17,18,19	ens-mid3	1	4	soap	0.2	0.6933333333333334	0.7733333333333334	0.5333333333333333	0.5333333333333333
False	correct-error	qwen3.5-9b	hotpot	17,18,19	act/15	1	3	base	0.0	0.45674740484429066	0.6885813148788926	0.4827586206896552	0.7270114942528736
False	correct-error	qwen3.5-9b	hotpot	17,18,19	act/15	1	3	uniform-unnorm	0.2	0.3333333333333333	0.7081891580161477	0.34195402298850575	0.7557471264367817
False	correct-error	qwen3.5-9b	hotpot	17,18,19	act/15	1	3	uniform-norm	0.2	0.42675893886966554	0.6724336793540946	0.4540229885057472	0.7212643678160919
False	correct-error	qwen3.5-9b	hotpot	17,18,19	act/15	1	3	soap	0.2	0.4648212226066897	0.6897347174163784	0.4827586206896551	0.7270114942528735
False	correct-error	qwen3.5-9b	math500	17,18,19	act/7	0	20	base	0.0	0.6118143459915611	0.6033755274261604	0.5416666666666666	0.5416666666666666
False	correct-error	qwen3.5-9b	math500	17,18,19	act/7	0	20	uniform-unnorm	0.0	0.6118143459915611	0.6033755274261604	0.5416666666666666	0.5416666666666666
False	correct-error	qwen3.5-9b	math500	17,18,19	act/7	0	20	uniform-norm	0.0	0.6118143459915611	0.6033755274261604	0.5416666666666666	0.5416666666666666
False	correct-error	qwen3.5-9b	math500	17,18,19	act/7	0	20	soap	0.0	0.6118143459915611	0.6033755274261603	0.5416666666666666	0.5416666666666666
False	correct-error	qwen3.5-9b	mmlu_pro	17,18,19	act/11	0	3	base	0.0	0.7971014492753623	0.8188405797101449	0.6666666666666667	0.7368421052631579
False	correct-error	qwen3.5-9b	mmlu_pro	17,18,19	act/11	0	3	uniform-unnorm	0.0	0.7971014492753623	0.8188405797101449	0.6666666666666667	0.7368421052631579
False	correct-error	qwen3.5-9b	mmlu_pro	17,18,19	act/11	0	3	uniform-norm	0.0	0.7971014492753623	0.8188405797101449	0.6666666666666667	0.7368421052631579
False	correct-error	qwen3.5-9b	mmlu_pro	17,18,19	act/11	0	3	soap	0.0	0.7971014492753623	0.818840579710145	0.6666666666666666	0.7368421052631579
False	correct-error	qwen3.5-9b	musique	17,18,19	act/3	1	3	base	0.0	0.4358974358974359	0.7371794871794872	0.41798941798941797	0.6931216931216931
False	correct-error	qwen3.5-9b	musique	17,18,19	act/3	1	3	uniform-unnorm	0.0	0.4358974358974359	0.7371794871794872	0.41798941798941797	0.6931216931216931
False	correct-error	qwen3.5-9b	musique	17,18,19	act/3	1	3	uniform-norm	0.0	0.4358974358974359	0.7371794871794872	0.41798941798941797	0.6931216931216931
False	correct-error	qwen3.5-9b	musique	17,18,19	act/3	1	3	soap	0.0	0.4358974358974358	0.7371794871794872	0.4179894179894179	0.693121693121693
False	correct-error	qwen3.5-9b	wikimqa	17,18,19	act/15	1	3	base	0.0	0.5013623978201635	0.7002724795640327	0.47845804988662133	0.7188208616780045
False	correct-error	qwen3.5-9b	wikimqa	17,18,19	act/15	1	3	uniform-unnorm	0.1	0.40417801998183467	0.6748410535876476	0.3786848072562359	0.6938775510204082
False	correct-error	qwen3.5-9b	wikimqa	17,18,19	act/15	1	3	uniform-norm	0.1	0.4913714804722979	0.6993642143505904	0.47392290249433106	0.7210884353741497
False	correct-error	qwen3.5-9b	wikimqa	17,18,19	act/15	1	3	soap	0.1	0.505903723887375	0.6975476839237057	0.4829931972789116	0.7188208616780045
False	correct-error	deepseek-8b	arc	17,18,19	act/13	0	3	base	0.0	0.8771929824561404	0.8925438596491229	0.8306010928961749	0.8524590163934427
False	correct-error	deepseek-8b	arc	17,18,19	act/13	0	3	uniform-unnorm	0.0	0.8771929824561404	0.8925438596491229	0.8306010928961749	0.8524590163934427
False	correct-error	deepseek-8b	arc	17,18,19	act/13	0	3	uniform-norm	0.0	0.8771929824561404	0.8925438596491229	0.8306010928961749	0.8524590163934427
False	correct-error	deepseek-8b	arc	17,18,19	act/13	0	3	soap	0.0	0.8771929824561404	0.8925438596491228	0.8306010928961749	0.8524590163934427
False	correct-error	deepseek-8b	gaia	17,18,19	act/13	0	4	base	0.0	0.72	0.8533333333333333	0.6	0.7666666666666666
False	correct-error	deepseek-8b	gaia	17,18,19	act/13	0	4	uniform-unnorm	0.0	0.72	0.8533333333333333	0.6	0.7666666666666666
False	correct-error	deepseek-8b	gaia	17,18,19	act/13	0	4	uniform-norm	0.0	0.72	0.8533333333333333	0.6	0.7666666666666666
False	correct-error	deepseek-8b	gaia	17,18,19	act/13	0	4	soap	0.0	0.7200000000000001	0.8533333333333334	0.6	0.7666666666666666
False	correct-error	deepseek-8b	hotpot	17,18,19	act/16	0	4	base	0.0	0.5271049596309112	0.698961937716263	0.4942528735632184	0.6752873563218391
False	correct-error	deepseek-8b	hotpot	17,18,19	act/16	0	4	uniform-unnorm	0.0	0.5271049596309112	0.698961937716263	0.4942528735632184	0.6752873563218391
False	correct-error	deepseek-8b	hotpot	17,18,19	act/16	0	4	uniform-norm	0.0	0.5271049596309112	0.698961937716263	0.4942528735632184	0.6752873563218391
False	correct-error	deepseek-8b	hotpot	17,18,19	act/16	0	4	soap	0.0	0.5271049596309112	0.698961937716263	0.4942528735632184	0.6752873563218391
False	correct-error	deepseek-8b	math500	17,18,19	act/15	1	3	base	0.0	0.5991561181434599	0.5864978902953586	0.5625	0.65625
False	correct-error	deepseek-8b	math500	17,18,19	act/15	1	3	uniform-unnorm	0.0	0.5991561181434599	0.5864978902953586	0.5625	0.65625
False	correct-error	deepseek-8b	math500	17,18,19	act/15	1	3	uniform-norm	0.0	0.5991561181434599	0.5864978902953586	0.5625	0.65625
False	correct-error	deepseek-8b	math500	17,18,19	act/15	1	3	soap	0.0	0.5991561181434598	0.5864978902953587	0.5625	0.65625
False	correct-error	deepseek-8b	mmlu_pro	17,18,19	act/8	0	3	base	0.0	0.8043478260869565	0.826086956521739	0.5789473684210527	0.6842105263157895
False	correct-error	deepseek-8b	mmlu_pro	17,18,19	act/8	0	3	uniform-unnorm	0.0	0.8043478260869565	0.826086956521739	0.5789473684210527	0.6842105263157895
False	correct-error	deepseek-8b	mmlu_pro	17,18,19	act/8	0	3	uniform-norm	0.0	0.8043478260869565	0.826086956521739	0.5789473684210527	0.6842105263157895
False	correct-error	deepseek-8b	mmlu_pro	17,18,19	act/8	0	3	soap	0.0	0.8043478260869565	0.8260869565217392	0.5789473684210525	0.6842105263157894
False	correct-error	deepseek-8b	musique	17,18,19	act/13	0	6	base	0.0	0.4465811965811966	0.7564102564102564	0.455026455026455	0.7671957671957672
False	correct-error	deepseek-8b	musique	17,18,19	act/13	0	6	uniform-unnorm	0.0	0.4465811965811966	0.7564102564102564	0.455026455026455	0.7671957671957672
False	correct-error	deepseek-8b	musique	17,18,19	act/13	0	6	uniform-norm	0.0	0.4465811965811966	0.7564102564102564	0.455026455026455	0.7671957671957672
False	correct-error	deepseek-8b	musique	17,18,19	act/13	0	6	soap	0.0	0.4465811965811965	0.7564102564102564	0.4550264550264549	0.7671957671957671
False	correct-error	deepseek-8b	wikimqa	17,18,19	act/12	0	3	base	0.0	0.5186194368755677	0.6866485013623979	0.5056689342403629	0.7301587301587302
False	correct-error	deepseek-8b	wikimqa	17,18,19	act/12	0	3	uniform-unnorm	0.1	0.01634877384196185	0.6811989100817438	0.020408163265306124	0.7278911564625851
False	correct-error	deepseek-8b	wikimqa	17,18,19	act/12	0	3	uniform-norm	0.1	0.3751135331516803	0.6766575840145322	0.3650793650793651	0.7210884353741497
False	correct-error	deepseek-8b	wikimqa	17,18,19	act/12	0	3	soap	0.1	0.553133514986376	0.6948228882833788	0.582766439909297	0.7369614512471655
True	correct-error	qwen3.5-9b	arc	17,18,19	embed	1	3	base	0.0	0.8135964912280701	0.8640350877192983	0.8032786885245902	0.8743169398907104
True	correct-error	qwen3.5-9b	arc	17,18,19	embed	1	3	uniform-unnorm	0.1	0.8004385964912282	0.868421052631579	0.7704918032786885	0.8579234972677596
True	correct-error	qwen3.5-9b	arc	17,18,19	embed	1	3	uniform-norm	0.1	0.8114035087719298	0.8640350877192983	0.8032786885245902	0.8633879781420766
True	correct-error	qwen3.5-9b	arc	17,18,19	embed	1	3	soap	0.1	0.8179824561403509	0.8640350877192983	0.8087431693989071	0.8633879781420766
True	correct-error	qwen3.5-9b	gaia	17,18,19	act/27	1	7	base	0.0	0.68	0.8266666666666667	0.36666666666666664	0.5666666666666667
True	correct-error	qwen3.5-9b	gaia	17,18,19	act/27	1	7	uniform-unnorm	0.1	0.4666666666666667	0.6933333333333334	0.4333333333333333	0.6
True	correct-error	qwen3.5-9b	gaia	17,18,19	act/27	1	7	uniform-norm	0.1	0.64	0.8133333333333334	0.43333333333333335	0.6
True	correct-error	qwen3.5-9b	gaia	17,18,19	act/27	1	7	soap	0.1	0.68	0.8400000000000002	0.3999999999999999	0.6
True	correct-error	qwen3.5-9b	hotpot	17,18,19	act/3	1	3	base	0.0	0.45213379469434833	0.7012687427912342	0.47988505747126436	0.7327586206896551
True	correct-error	qwen3.5-9b	hotpot	17,18,19	act/3	1	3	uniform-unnorm	0.0	0.45213379469434833	0.7012687427912342	0.47988505747126436	0.7327586206896551
True	correct-error	qwen3.5-9b	hotpot	17,18,19	act/3	1	3	uniform-norm	0.0	0.45213379469434833	0.7012687427912342	0.47988505747126436	0.7327586206896551
True	correct-error	qwen3.5-9b	hotpot	17,18,19	act/3	1	3	soap	0.0	0.4521337946943483	0.7012687427912342	0.4798850574712643	0.7327586206896551
True	correct-error	qwen3.5-9b	math500	17,18,19	act/7	0	20	base	0.0	0.6244725738396624	0.6118143459915611	0.5625	0.5520833333333333
True	correct-error	qwen3.5-9b	math500	17,18,19	act/7	0	20	uniform-unnorm	0.0	0.6244725738396624	0.6118143459915611	0.5625	0.5520833333333333
True	correct-error	qwen3.5-9b	math500	17,18,19	act/7	0	20	uniform-norm	0.0	0.6244725738396624	0.6118143459915611	0.5625	0.5520833333333333
True	correct-error	qwen3.5-9b	math500	17,18,19	act/7	0	20	soap	0.0	0.6244725738396625	0.6118143459915611	0.5625	0.5520833333333334
True	correct-error	qwen3.5-9b	mmlu_pro	17,18,19	act/3	0	20	base	0.0	0.7101449275362319	0.8043478260869565	0.543859649122807	0.6491228070175439
True	correct-error	qwen3.5-9b	mmlu_pro	17,18,19	act/3	0	20	uniform-unnorm	0.0	0.7101449275362319	0.8043478260869565	0.543859649122807	0.6491228070175439
True	correct-error	qwen3.5-9b	mmlu_pro	17,18,19	act/3	0	20	uniform-norm	0.0	0.7101449275362319	0.8043478260869565	0.543859649122807	0.6491228070175439
True	correct-error	qwen3.5-9b	mmlu_pro	17,18,19	act/3	0	20	soap	0.0	0.7101449275362319	0.8043478260869565	0.543859649122807	0.6491228070175438
True	correct-error	qwen3.5-9b	musique	17,18,19	act/3	1	3	base	0.0	0.44871794871794873	0.7478632478632479	0.41798941798941797	0.6984126984126984
True	correct-error	qwen3.5-9b	musique	17,18,19	act/3	1	3	uniform-unnorm	0.0	0.44871794871794873	0.7478632478632479	0.41798941798941797	0.6984126984126984
True	correct-error	qwen3.5-9b	musique	17,18,19	act/3	1	3	uniform-norm	0.0	0.44871794871794873	0.7478632478632479	0.41798941798941797	0.6984126984126984
True	correct-error	qwen3.5-9b	musique	17,18,19	act/3	1	3	soap	0.0	0.4487179487179487	0.7478632478632479	0.4179894179894179	0.6984126984126983
True	correct-error	qwen3.5-9b	wikimqa	17,18,19	act/15	1	3	base	0.0	0.49227974568574023	0.701180744777475	0.47165532879818595	0.7142857142857143
True	correct-error	qwen3.5-9b	wikimqa	17,18,19	act/15	1	3	uniform-unnorm	0.1	0.4250681198910081	0.6830154405086285	0.3990929705215419	0.7029478458049886
True	correct-error	qwen3.5-9b	wikimqa	17,18,19	act/15	1	3	uniform-norm	0.1	0.48410535876475935	0.701180744777475	0.4671201814058957	0.7120181405895691
True	correct-error	qwen3.5-9b	wikimqa	17,18,19	act/15	1	3	soap	0.1	0.5077202543142597	0.703905540417802	0.4875283446712018	0.7210884353741497
True	correct-error	deepseek-8b	arc	17,18,19	act/13	0	2	base	0.0	0.875	0.881578947368421	0.8306010928961749	0.8415300546448088
True	correct-error	deepseek-8b	arc	17,18,19	act/13	0	2	uniform-unnorm	0.0	0.875	0.881578947368421	0.8306010928961749	0.8415300546448088
True	correct-error	deepseek-8b	arc	17,18,19	act/13	0	2	uniform-norm	0.0	0.875	0.881578947368421	0.8306010928961749	0.8415300546448088
True	correct-error	deepseek-8b	arc	17,18,19	act/13	0	2	soap	0.0	0.875	0.8815789473684211	0.8306010928961749	0.8415300546448087
True	correct-error	deepseek-8b	gaia	17,18,19	act/13	0	4	base	0.0	0.72	0.8666666666666667	0.6333333333333333	0.8333333333333333
True	correct-error	deepseek-8b	gaia	17,18,19	act/13	0	4	uniform-unnorm	0.0	0.72	0.8666666666666667	0.6333333333333333	0.8333333333333333
True	correct-error	deepseek-8b	gaia	17,18,19	act/13	0	4	uniform-norm	0.0	0.72	0.8666666666666667	0.6333333333333333	0.8333333333333333
True	correct-error	deepseek-8b	gaia	17,18,19	act/13	0	4	soap	0.0	0.7200000000000001	0.8666666666666667	0.6333333333333333	0.8333333333333334
True	correct-error	deepseek-8b	hotpot	17,18,19	act/16	0	4	base	0.0	0.5317185697808535	0.7081891580161477	0.4770114942528736	0.6839080459770114
True	correct-error	deepseek-8b	hotpot	17,18,19	act/16	0	4	uniform-unnorm	0.0	0.5317185697808535	0.7081891580161477	0.4770114942528736	0.6839080459770114
True	correct-error	deepseek-8b	hotpot	17,18,19	act/16	0	4	uniform-norm	0.0	0.5317185697808535	0.7081891580161477	0.4770114942528736	0.6839080459770114
True	correct-error	deepseek-8b	hotpot	17,18,19	act/16	0	4	soap	0.0	0.5317185697808536	0.7081891580161477	0.4770114942528736	0.6839080459770114
True	correct-error	deepseek-8b	math500	17,18,19	act/15	1	3	base	0.0	0.6244725738396625	0.6160337552742616	0.59375	0.65625
True	correct-error	deepseek-8b	math500	17,18,19	act/15	1	3	uniform-unnorm	0.0	0.6244725738396625	0.6160337552742616	0.59375	0.65625
True	correct-error	deepseek-8b	math500	17,18,19	act/15	1	3	uniform-norm	0.0	0.6244725738396625	0.6160337552742616	0.59375	0.65625
True	correct-error	deepseek-8b	math500	17,18,19	act/15	1	3	soap	0.0	0.6244725738396625	0.6160337552742615	0.59375	0.65625
True	correct-error	deepseek-8b	mmlu_pro	17,18,19	act/7	0	2	base	0.0	0.7971014492753623	0.8405797101449275	0.6140350877192983	0.7192982456140351
True	correct-error	deepseek-8b	mmlu_pro	17,18,19	act/7	0	2	uniform-unnorm	0.0	0.7971014492753623	0.8405797101449275	0.6140350877192983	0.7192982456140351
True	correct-error	deepseek-8b	mmlu_pro	17,18,19	act/7	0	2	uniform-norm	0.0	0.7971014492753623	0.8405797101449275	0.6140350877192983	0.7192982456140351
True	correct-error	deepseek-8b	mmlu_pro	17,18,19	act/7	0	2	soap	0.0	0.7971014492753623	0.8405797101449274	0.6140350877192983	0.7192982456140351
True	correct-error	deepseek-8b	musique	17,18,19	act/12	0	3	base	0.0	0.4636752136752137	0.7585470085470085	0.455026455026455	0.7619047619047619
True	correct-error	deepseek-8b	musique	17,18,19	act/12	0	3	uniform-unnorm	0.0	0.4636752136752137	0.7585470085470085	0.455026455026455	0.7619047619047619
True	correct-error	deepseek-8b	musique	17,18,19	act/12	0	3	uniform-norm	0.0	0.4636752136752137	0.7585470085470085	0.455026455026455	0.7619047619047619
True	correct-error	deepseek-8b	musique	17,18,19	act/12	0	3	soap	0.0	0.4636752136752136	0.7585470085470085	0.4550264550264549	0.7619047619047619
True	correct-error	deepseek-8b	wikimqa	17,18,19	act/12	0	3	base	0.0	0.5249772933696639	0.6884650317892824	0.5170068027210885	0.7369614512471656
True	correct-error	deepseek-8b	wikimqa	17,18,19	act/12	0	3	uniform-unnorm	0.1	0.017257039055404176	0.6839237057220708	0.01360544217687075	0.7278911564625851
True	correct-error	deepseek-8b	wikimqa	17,18,19	act/12	0	3	uniform-norm	0.1	0.40417801998183467	0.6793823796548593	0.3945578231292517	0.7233560090702948
True	correct-error	deepseek-8b	wikimqa	17,18,19	act/12	0	3	soap	0.1	0.5513169845594913	0.698455949137148	0.5873015873015873	0.7301587301587302
False	traceelephant	qwen3.5-9b	magentic	15,16,17	act/23	0	2	base	0.0	0.21014492753623187	0.6159420289855072	0.14814814814814814	0.5185185185185186
False	traceelephant	qwen3.5-9b	magentic	15,16,17	act/23	0	2	uniform-unnorm	1.0	0.05072463768115942	0.2753623188405797	0.05555555555555555	0.24074074074074076
False	traceelephant	qwen3.5-9b	magentic	15,16,17	act/23	0	2	uniform-norm	1.0	0.15942028985507245	0.6376811594202898	0.05555555555555555	0.5555555555555556
False	traceelephant	qwen3.5-9b	magentic	15,16,17	act/23	0	2	soap	1.0	0.2318840579710145	0.6521739130434783	0.1111111111111111	0.5185185185185185
False	traceelephant	qwen3.5-9b	captain	22,23,24	act/23	0	3	base	0.0	0.33333333333333337	0.5813953488372093	0.19607843137254904	0.5686274509803921
False	traceelephant	qwen3.5-9b	captain	22,23,24	act/23	0	3	uniform-unnorm	0.1	0.14728682170542634	0.5271317829457365	0.13725490196078433	0.5882352941176471
False	traceelephant	qwen3.5-9b	captain	22,23,24	act/23	0	3	uniform-norm	0.1	0.3565891472868217	0.6046511627906977	0.21568627450980393	0.5882352941176471
False	traceelephant	qwen3.5-9b	captain	22,23,24	act/23	0	3	soap	0.1	0.3565891472868217	0.6046511627906976	0.2156862745098039	0.5882352941176471
False	traceelephant	deepseek-8b	magentic	15,16,17	act/10	0	4	base	0.0	0.2971014492753623	0.6231884057971016	0.16666666666666666	0.5185185185185185
False	traceelephant	deepseek-8b	magentic	15,16,17	act/10	0	4	uniform-unnorm	0.1	0.043478260869565216	0.2608695652173913	0.05555555555555555	0.24074074074074076
False	traceelephant	deepseek-8b	magentic	15,16,17	act/10	0	4	uniform-norm	0.1	0.28985507246376807	0.6231884057971014	0.14814814814814814	0.5555555555555556
False	traceelephant	deepseek-8b	magentic	15,16,17	act/10	0	4	soap	0.1	0.3043478260869565	0.6231884057971014	0.1851851851851852	0.5185185185185185
False	traceelephant	deepseek-8b	captain	22,23,24	act/31_normed	0	18	base	0.0	0.40310077519379844	0.6356589147286822	0.2549019607843137	0.6078431372549019
False	traceelephant	deepseek-8b	captain	22,23,24	act/31_normed	0	18	uniform-unnorm	0.2	0.10077519379844961	0.20930232558139536	0.09803921568627451	0.25490196078431376
False	traceelephant	deepseek-8b	captain	22,23,24	act/31_normed	0	18	uniform-norm	0.2	0.41860465116279066	0.6434108527131783	0.29411764705882354	0.6078431372549019
False	traceelephant	deepseek-8b	captain	22,23,24	act/31_normed	0	18	soap	0.2	0.4263565891472868	0.6511627906976744	0.3333333333333333	0.6274509803921569
True	traceelephant	qwen3.5-9b	magentic	9,10,11	embed	1	18	base	0.0	0.15942028985507245	0.6086956521739131	0.09259259259259259	0.7777777777777777
True	traceelephant	qwen3.5-9b	magentic	9,10,11	embed	1	18	uniform-unnorm	0.8	0.050724637681159424	0.36231884057971014	0.018518518518518517	0.16666666666666669
True	traceelephant	qwen3.5-9b	magentic	9,10,11	embed	1	18	uniform-norm	0.8	0.13043478260869565	0.6304347826086957	0.1111111111111111	0.7222222222222222
True	traceelephant	qwen3.5-9b	magentic	9,10,11	embed	1	18	soap	0.8	0.2101449275362318	0.6304347826086957	0.1296296296296296	0.6666666666666666
True	traceelephant	qwen3.5-9b	captain	2,3,4	act/23	0	7	base	0.0	0.32558139534883723	0.6124031007751938	0.13725490196078433	0.5294117647058824
True	traceelephant	qwen3.5-9b	captain	2,3,4	act/23	0	7	uniform-unnorm	0.2	0.06201550387596899	0.18604651162790697	0.058823529411764705	0.17647058823529413
True	traceelephant	qwen3.5-9b	captain	2,3,4	act/23	0	7	uniform-norm	0.2	0.35658914728682173	0.6511627906976745	0.13725490196078433	0.5294117647058824
True	traceelephant	qwen3.5-9b	captain	2,3,4	act/23	0	7	soap	0.2	0.3643410852713177	0.6356589147286822	0.1372549019607843	0.5294117647058824
True	traceelephant	deepseek-8b	magentic	9,10,11	ens-mid3	0	9	base	0.0	0.3550724637681159	0.644927536231884	0.2222222222222222	0.6481481481481481
True	traceelephant	deepseek-8b	magentic	9,10,11	ens-mid3	0	9	uniform-unnorm	0.4	0.12318840579710144	0.6014492753623188	0.09259259259259259	0.4814814814814815
True	traceelephant	deepseek-8b	magentic	9,10,11	ens-mid3	0	9	uniform-norm	0.4	0.34057971014492755	0.644927536231884	0.2037037037037037	0.6296296296296297
True	traceelephant	deepseek-8b	magentic	9,10,11	ens-mid3	0	9	soap	0.4	0.3695652173913044	0.6449275362318841	0.2037037037037037	0.6481481481481481
True	traceelephant	deepseek-8b	captain	2,3,4	act/29	0	11	base	0.0	0.4108527131782945	0.6434108527131783	0.2549019607843137	0.5294117647058824
True	traceelephant	deepseek-8b	captain	2,3,4	act/29	0	11	uniform-unnorm	0.1	0.17054263565891473	0.3333333333333333	0.0784313725490196	0.19607843137254902
True	traceelephant	deepseek-8b	captain	2,3,4	act/29	0	11	uniform-norm	0.1	0.4031007751937984	0.6511627906976745	0.23529411764705882	0.5294117647058824
True	traceelephant	deepseek-8b	captain	2,3,4	act/29	0	11	soap	0.1	0.4263565891472868	0.6589147286821705	0.2941176470588235	0.5686274509803922
