dataset	model	subset	position	c_begin	c_end	layer_range	w	seed	gamma	step_acc_test	agent_acc_test	step_acc_val	agent_acc_val
ww	qwen3.5-9b	algorithm-generated	act/27	1	7	0-2	1	3	0.0	0.4444444444444444	0.5555555555555556	0.19230769230769232	0.38461538461538464
ww	qwen3.5-9b	algorithm-generated	act/27	1	7	0-2	1	3	0.1	0.4444444444444444	0.5555555555555556	0.23076923076923078	0.4230769230769231
ww	qwen3.5-9b	algorithm-generated	act/27	1	7	0-2	1	3	0.2	0.5079365079365079	0.6190476190476191	0.2692307692307692	0.4230769230769231
ww	qwen3.5-9b	algorithm-generated	act/27	1	7	0-2	1	3	0.3	0.5079365079365079	0.6666666666666666	0.23076923076923078	0.38461538461538464
ww	qwen3.5-9b	algorithm-generated	act/27	1	7	0-2	1	3	0.4	0.5079365079365079	0.6666666666666666	0.23076923076923078	0.38461538461538464
ww	qwen3.5-9b	algorithm-generated	act/27	1	7	0-2	1	3	0.5	0.5079365079365079	0.6825396825396826	0.23076923076923078	0.38461538461538464
ww	qwen3.5-9b	algorithm-generated	act/27	1	7	0-2	1	3	0.6	0.5079365079365079	0.6825396825396826	0.2692307692307692	0.4230769230769231
ww	qwen3.5-9b	algorithm-generated	act/27	1	7	0-2	1	3	0.7	0.49206349206349204	0.6507936507936508	0.2692307692307692	0.4230769230769231
ww	qwen3.5-9b	algorithm-generated	act/27	1	7	0-2	1	3	0.8	0.47619047619047616	0.6190476190476191	0.2692307692307692	0.4230769230769231
ww	qwen3.5-9b	algorithm-generated	act/27	1	7	0-2	1	3	0.9	0.4444444444444444	0.5873015873015873	0.3076923076923077	0.46153846153846156
ww	qwen3.5-9b	algorithm-generated	act/27	1	7	0-2	1	3	1.0	0.42857142857142855	0.5714285714285714	0.2692307692307692	0.4230769230769231
ww	qwen3.5-9b	algorithm-generated	act/27	1	7	0-2	1	4	0.0	0.3968253968253968	0.5396825396825397	0.38461538461538464	0.5
ww	qwen3.5-9b	algorithm-generated	act/27	1	7	0-2	1	4	0.1	0.4126984126984127	0.5396825396825397	0.38461538461538464	0.5
ww	qwen3.5-9b	algorithm-generated	act/27	1	7	0-2	1	4	0.2	0.42857142857142855	0.5396825396825397	0.34615384615384615	0.46153846153846156
ww	qwen3.5-9b	algorithm-generated	act/27	1	7	0-2	1	4	0.3	0.4444444444444444	0.5555555555555556	0.34615384615384615	0.46153846153846156
ww	qwen3.5-9b	algorithm-generated	act/27	1	7	0-2	1	4	0.4	0.4603174603174603	0.5873015873015873	0.38461538461538464	0.5
ww	qwen3.5-9b	algorithm-generated	act/27	1	7	0-2	1	4	0.5	0.4603174603174603	0.5873015873015873	0.38461538461538464	0.5384615384615384
ww	qwen3.5-9b	algorithm-generated	act/27	1	7	0-2	1	4	0.6	0.47619047619047616	0.5714285714285714	0.4230769230769231	0.5769230769230769
ww	qwen3.5-9b	algorithm-generated	act/27	1	7	0-2	1	4	0.7	0.4603174603174603	0.5555555555555556	0.38461538461538464	0.5769230769230769
ww	qwen3.5-9b	algorithm-generated	act/27	1	7	0-2	1	4	0.8	0.4603174603174603	0.5555555555555556	0.38461538461538464	0.5769230769230769
ww	qwen3.5-9b	algorithm-generated	act/27	1	7	0-2	1	4	0.9	0.4603174603174603	0.5555555555555556	0.34615384615384615	0.6153846153846154
ww	qwen3.5-9b	algorithm-generated	act/27	1	7	0-2	1	4	1.0	0.47619047619047616	0.5714285714285714	0.34615384615384615	0.6153846153846154
ww	qwen3.5-9b	algorithm-generated	act/27	1	7	0-2	1	5	0.0	0.3333333333333333	0.47619047619047616	0.5769230769230769	0.6538461538461539
ww	qwen3.5-9b	algorithm-generated	act/27	1	7	0-2	1	5	0.1	0.36507936507936506	0.5079365079365079	0.6153846153846154	0.6923076923076923
ww	qwen3.5-9b	algorithm-generated	act/27	1	7	0-2	1	5	0.2	0.38095238095238093	0.5079365079365079	0.6538461538461539	0.7307692307692307
ww	qwen3.5-9b	algorithm-generated	act/27	1	7	0-2	1	5	0.3	0.38095238095238093	0.5238095238095238	0.6538461538461539	0.7307692307692307
ww	qwen3.5-9b	algorithm-generated	act/27	1	7	0-2	1	5	0.4	0.36507936507936506	0.5238095238095238	0.6538461538461539	0.7307692307692307
ww	qwen3.5-9b	algorithm-generated	act/27	1	7	0-2	1	5	0.5	0.4126984126984127	0.5555555555555556	0.6538461538461539	0.7307692307692307
ww	qwen3.5-9b	algorithm-generated	act/27	1	7	0-2	1	5	0.6	0.4444444444444444	0.5555555555555556	0.6538461538461539	0.7307692307692307
ww	qwen3.5-9b	algorithm-generated	act/27	1	7	0-2	1	5	0.7	0.4603174603174603	0.5714285714285714	0.6538461538461539	0.7307692307692307
ww	qwen3.5-9b	algorithm-generated	act/27	1	7	0-2	1	5	0.8	0.4603174603174603	0.5714285714285714	0.6538461538461539	0.7307692307692307
ww	qwen3.5-9b	algorithm-generated	act/27	1	7	0-2	1	5	0.9	0.4444444444444444	0.5714285714285714	0.6153846153846154	0.7307692307692307
ww	qwen3.5-9b	algorithm-generated	act/27	1	7	0-2	1	5	1.0	0.42857142857142855	0.5555555555555556	0.6153846153846154	0.7307692307692307
ww	qwen3.5-9b	hand-crafted	act/31	0	5	4-6	2	13	0.0	0.3448275862068966	0.6551724137931034	0.16666666666666666	0.5833333333333334
ww	qwen3.5-9b	hand-crafted	act/31	0	5	4-6	2	13	0.1	0.3448275862068966	0.6551724137931034	0.16666666666666666	0.5833333333333334
ww	qwen3.5-9b	hand-crafted	act/31	0	5	4-6	2	13	0.2	0.3103448275862069	0.6551724137931034	0.16666666666666666	0.5833333333333334
ww	qwen3.5-9b	hand-crafted	act/31	0	5	4-6	2	13	0.3	0.27586206896551724	0.6551724137931034	0.16666666666666666	0.5833333333333334
ww	qwen3.5-9b	hand-crafted	act/31	0	5	4-6	2	13	0.4	0.2413793103448276	0.6206896551724138	0.16666666666666666	0.5833333333333334
ww	qwen3.5-9b	hand-crafted	act/31	0	5	4-6	2	13	0.5	0.20689655172413793	0.6206896551724138	0.16666666666666666	0.5833333333333334
ww	qwen3.5-9b	hand-crafted	act/31	0	5	4-6	2	13	0.6	0.1724137931034483	0.5862068965517241	0.08333333333333333	0.5
ww	qwen3.5-9b	hand-crafted	act/31	0	5	4-6	2	13	0.7	0.10344827586206896	0.5517241379310345	0.08333333333333333	0.5
ww	qwen3.5-9b	hand-crafted	act/31	0	5	4-6	2	13	0.8	0.10344827586206896	0.5517241379310345	0.08333333333333333	0.5
ww	qwen3.5-9b	hand-crafted	act/31	0	5	4-6	2	13	0.9	0.10344827586206896	0.5517241379310345	0.08333333333333333	0.5
ww	qwen3.5-9b	hand-crafted	act/31	0	5	4-6	2	13	1.0	0.10344827586206896	0.5517241379310345	0.08333333333333333	0.5
ww	qwen3.5-9b	hand-crafted	act/31	0	5	4-6	2	14	0.0	0.3793103448275862	0.6551724137931034	0.25	0.75
ww	qwen3.5-9b	hand-crafted	act/31	0	5	4-6	2	14	0.1	0.3793103448275862	0.6551724137931034	0.25	0.75
ww	qwen3.5-9b	hand-crafted	act/31	0	5	4-6	2	14	0.2	0.3103448275862069	0.6551724137931034	0.25	0.75
ww	qwen3.5-9b	hand-crafted	act/31	0	5	4-6	2	14	0.3	0.2413793103448276	0.6551724137931034	0.25	0.75
ww	qwen3.5-9b	hand-crafted	act/31	0	5	4-6	2	14	0.4	0.2413793103448276	0.6551724137931034	0.25	0.75
ww	qwen3.5-9b	hand-crafted	act/31	0	5	4-6	2	14	0.5	0.20689655172413793	0.6206896551724138	0.25	0.75
ww	qwen3.5-9b	hand-crafted	act/31	0	5	4-6	2	14	0.6	0.13793103448275862	0.5517241379310345	0.08333333333333333	0.75
ww	qwen3.5-9b	hand-crafted	act/31	0	5	4-6	2	14	0.7	0.10344827586206896	0.5517241379310345	0.08333333333333333	0.75
ww	qwen3.5-9b	hand-crafted	act/31	0	5	4-6	2	14	0.8	0.10344827586206896	0.5517241379310345	0.08333333333333333	0.75
ww	qwen3.5-9b	hand-crafted	act/31	0	5	4-6	2	14	0.9	0.06896551724137931	0.5172413793103449	0.08333333333333333	0.75
ww	qwen3.5-9b	hand-crafted	act/31	0	5	4-6	2	14	1.0	0.06896551724137931	0.4827586206896552	0.08333333333333333	0.75
ww	qwen3.5-9b	hand-crafted	act/31	0	5	4-6	2	15	0.0	0.27586206896551724	0.7241379310344828	0.16666666666666666	0.5833333333333334
ww	qwen3.5-9b	hand-crafted	act/31	0	5	4-6	2	15	0.1	0.3103448275862069	0.7241379310344828	0.16666666666666666	0.5
ww	qwen3.5-9b	hand-crafted	act/31	0	5	4-6	2	15	0.2	0.3103448275862069	0.7241379310344828	0.16666666666666666	0.5
ww	qwen3.5-9b	hand-crafted	act/31	0	5	4-6	2	15	0.3	0.3448275862068966	0.6896551724137931	0.16666666666666666	0.5
ww	qwen3.5-9b	hand-crafted	act/31	0	5	4-6	2	15	0.4	0.27586206896551724	0.6551724137931034	0.08333333333333333	0.5
ww	qwen3.5-9b	hand-crafted	act/31	0	5	4-6	2	15	0.5	0.10344827586206896	0.5172413793103449	0.08333333333333333	0.5
ww	qwen3.5-9b	hand-crafted	act/31	0	5	4-6	2	15	0.6	0.10344827586206896	0.5172413793103449	0.08333333333333333	0.5833333333333334
ww	qwen3.5-9b	hand-crafted	act/31	0	5	4-6	2	15	0.7	0.10344827586206896	0.5172413793103449	0.08333333333333333	0.5833333333333334
ww	qwen3.5-9b	hand-crafted	act/31	0	5	4-6	2	15	0.8	0.06896551724137931	0.5172413793103449	0.08333333333333333	0.5833333333333334
ww	qwen3.5-9b	hand-crafted	act/31	0	5	4-6	2	15	0.9	0.06896551724137931	0.5517241379310345	0.08333333333333333	0.5833333333333334
ww	qwen3.5-9b	hand-crafted	act/31	0	5	4-6	2	15	1.0	0.06896551724137931	0.5517241379310345	0.08333333333333333	0.5833333333333334
ww	deepseek-8b	algorithm-generated	act/3	1	5	24-32	1	3	0.0	0.3492063492063492	0.5555555555555556	0.2692307692307692	0.5384615384615384
ww	deepseek-8b	algorithm-generated	act/3	1	5	24-32	1	3	0.1	0.3333333333333333	0.5238095238095238	0.2692307692307692	0.5384615384615384
ww	deepseek-8b	algorithm-generated	act/3	1	5	24-32	1	3	0.2	0.3333333333333333	0.5238095238095238	0.3076923076923077	0.5769230769230769
ww	deepseek-8b	algorithm-generated	act/3	1	5	24-32	1	3	0.3	0.3333333333333333	0.5396825396825397	0.34615384615384615	0.6153846153846154
ww	deepseek-8b	algorithm-generated	act/3	1	5	24-32	1	3	0.4	0.38095238095238093	0.5873015873015873	0.38461538461538464	0.6923076923076923
ww	deepseek-8b	algorithm-generated	act/3	1	5	24-32	1	3	0.5	0.4126984126984127	0.6031746031746031	0.38461538461538464	0.6923076923076923
ww	deepseek-8b	algorithm-generated	act/3	1	5	24-32	1	3	0.6	0.4126984126984127	0.5873015873015873	0.38461538461538464	0.6923076923076923
ww	deepseek-8b	algorithm-generated	act/3	1	5	24-32	1	3	0.7	0.4126984126984127	0.5873015873015873	0.38461538461538464	0.6923076923076923
ww	deepseek-8b	algorithm-generated	act/3	1	5	24-32	1	3	0.8	0.42857142857142855	0.6031746031746031	0.38461538461538464	0.6923076923076923
ww	deepseek-8b	algorithm-generated	act/3	1	5	24-32	1	3	0.9	0.42857142857142855	0.6031746031746031	0.4230769230769231	0.6923076923076923
ww	deepseek-8b	algorithm-generated	act/3	1	5	24-32	1	3	1.0	0.42857142857142855	0.5873015873015873	0.34615384615384615	0.6153846153846154
ww	deepseek-8b	algorithm-generated	act/3	1	5	24-32	1	4	0.0	0.38095238095238093	0.5714285714285714	0.2692307692307692	0.5769230769230769
ww	deepseek-8b	algorithm-generated	act/3	1	5	24-32	1	4	0.1	0.3968253968253968	0.5873015873015873	0.23076923076923078	0.5384615384615384
ww	deepseek-8b	algorithm-generated	act/3	1	5	24-32	1	4	0.2	0.3968253968253968	0.5873015873015873	0.2692307692307692	0.5769230769230769
ww	deepseek-8b	algorithm-generated	act/3	1	5	24-32	1	4	0.3	0.3968253968253968	0.5873015873015873	0.2692307692307692	0.5769230769230769
ww	deepseek-8b	algorithm-generated	act/3	1	5	24-32	1	4	0.4	0.38095238095238093	0.5555555555555556	0.3076923076923077	0.6153846153846154
ww	deepseek-8b	algorithm-generated	act/3	1	5	24-32	1	4	0.5	0.4126984126984127	0.5714285714285714	0.34615384615384615	0.6153846153846154
ww	deepseek-8b	algorithm-generated	act/3	1	5	24-32	1	4	0.6	0.4126984126984127	0.5714285714285714	0.34615384615384615	0.6153846153846154
ww	deepseek-8b	algorithm-generated	act/3	1	5	24-32	1	4	0.7	0.4603174603174603	0.6190476190476191	0.3076923076923077	0.5769230769230769
ww	deepseek-8b	algorithm-generated	act/3	1	5	24-32	1	4	0.8	0.4603174603174603	0.6190476190476191	0.34615384615384615	0.6153846153846154
ww	deepseek-8b	algorithm-generated	act/3	1	5	24-32	1	4	0.9	0.4603174603174603	0.6190476190476191	0.34615384615384615	0.6153846153846154
ww	deepseek-8b	algorithm-generated	act/3	1	5	24-32	1	4	1.0	0.49206349206349204	0.6666666666666666	0.34615384615384615	0.6153846153846154
ww	deepseek-8b	algorithm-generated	act/3	1	5	24-32	1	5	0.0	0.42857142857142855	0.6349206349206349	0.3076923076923077	0.5384615384615384
ww	deepseek-8b	algorithm-generated	act/3	1	5	24-32	1	5	0.1	0.4126984126984127	0.6349206349206349	0.3076923076923077	0.5384615384615384
ww	deepseek-8b	algorithm-generated	act/3	1	5	24-32	1	5	0.2	0.42857142857142855	0.6349206349206349	0.3076923076923077	0.5384615384615384
ww	deepseek-8b	algorithm-generated	act/3	1	5	24-32	1	5	0.3	0.42857142857142855	0.6507936507936508	0.34615384615384615	0.5769230769230769
ww	deepseek-8b	algorithm-generated	act/3	1	5	24-32	1	5	0.4	0.42857142857142855	0.6507936507936508	0.34615384615384615	0.5384615384615384
ww	deepseek-8b	algorithm-generated	act/3	1	5	24-32	1	5	0.5	0.4444444444444444	0.6666666666666666	0.38461538461538464	0.5769230769230769
ww	deepseek-8b	algorithm-generated	act/3	1	5	24-32	1	5	0.6	0.4444444444444444	0.6507936507936508	0.38461538461538464	0.6153846153846154
ww	deepseek-8b	algorithm-generated	act/3	1	5	24-32	1	5	0.7	0.42857142857142855	0.6349206349206349	0.38461538461538464	0.6153846153846154
ww	deepseek-8b	algorithm-generated	act/3	1	5	24-32	1	5	0.8	0.4444444444444444	0.6507936507936508	0.38461538461538464	0.6153846153846154
ww	deepseek-8b	algorithm-generated	act/3	1	5	24-32	1	5	0.9	0.4444444444444444	0.6190476190476191	0.4230769230769231	0.6538461538461539
ww	deepseek-8b	algorithm-generated	act/3	1	5	24-32	1	5	1.0	0.4444444444444444	0.6031746031746031	0.34615384615384615	0.6153846153846154
ww	deepseek-8b	hand-crafted	act/31	0	4	8-16	all	13	0.0	0.2413793103448276	0.6206896551724138	0.16666666666666666	0.5833333333333334
ww	deepseek-8b	hand-crafted	act/31	0	4	8-16	all	13	0.1	0.2413793103448276	0.6206896551724138	0.16666666666666666	0.5833333333333334
ww	deepseek-8b	hand-crafted	act/31	0	4	8-16	all	13	0.2	0.27586206896551724	0.6206896551724138	0.16666666666666666	0.5833333333333334
ww	deepseek-8b	hand-crafted	act/31	0	4	8-16	all	13	0.3	0.1724137931034483	0.5862068965517241	0.08333333333333333	0.5
ww	deepseek-8b	hand-crafted	act/31	0	4	8-16	all	13	0.4	0.1724137931034483	0.5517241379310345	0.08333333333333333	0.5
ww	deepseek-8b	hand-crafted	act/31	0	4	8-16	all	13	0.5	0.1724137931034483	0.5517241379310345	0.08333333333333333	0.5
ww	deepseek-8b	hand-crafted	act/31	0	4	8-16	all	13	0.6	0.1724137931034483	0.5862068965517241	0.08333333333333333	0.5
ww	deepseek-8b	hand-crafted	act/31	0	4	8-16	all	13	0.7	0.1724137931034483	0.5862068965517241	0.08333333333333333	0.5
ww	deepseek-8b	hand-crafted	act/31	0	4	8-16	all	13	0.8	0.13793103448275862	0.5517241379310345	0.08333333333333333	0.5
ww	deepseek-8b	hand-crafted	act/31	0	4	8-16	all	13	0.9	0.10344827586206896	0.5862068965517241	0.08333333333333333	0.5
ww	deepseek-8b	hand-crafted	act/31	0	4	8-16	all	13	1.0	0.10344827586206896	0.5862068965517241	0.08333333333333333	0.5
ww	deepseek-8b	hand-crafted	act/31	0	4	8-16	all	14	0.0	0.3448275862068966	0.6551724137931034	0.08333333333333333	0.75
ww	deepseek-8b	hand-crafted	act/31	0	4	8-16	all	14	0.1	0.3448275862068966	0.6551724137931034	0.08333333333333333	0.75
ww	deepseek-8b	hand-crafted	act/31	0	4	8-16	all	14	0.2	0.3103448275862069	0.6551724137931034	0.08333333333333333	0.75
ww	deepseek-8b	hand-crafted	act/31	0	4	8-16	all	14	0.3	0.3103448275862069	0.6551724137931034	0.08333333333333333	0.75
ww	deepseek-8b	hand-crafted	act/31	0	4	8-16	all	14	0.4	0.20689655172413793	0.5517241379310345	0.0	0.6666666666666666
ww	deepseek-8b	hand-crafted	act/31	0	4	8-16	all	14	0.5	0.20689655172413793	0.5172413793103449	0.0	0.6666666666666666
ww	deepseek-8b	hand-crafted	act/31	0	4	8-16	all	14	0.6	0.13793103448275862	0.4827586206896552	0.0	0.6666666666666666
ww	deepseek-8b	hand-crafted	act/31	0	4	8-16	all	14	0.7	0.13793103448275862	0.4827586206896552	0.0	0.6666666666666666
ww	deepseek-8b	hand-crafted	act/31	0	4	8-16	all	14	0.8	0.13793103448275862	0.4827586206896552	0.0	0.5833333333333334
ww	deepseek-8b	hand-crafted	act/31	0	4	8-16	all	14	0.9	0.10344827586206896	0.4482758620689655	0.0	0.5833333333333334
ww	deepseek-8b	hand-crafted	act/31	0	4	8-16	all	14	1.0	0.10344827586206896	0.4482758620689655	0.0	0.5833333333333334
ww	deepseek-8b	hand-crafted	act/31	0	4	8-16	all	15	0.0	0.27586206896551724	0.6896551724137931	0.08333333333333333	0.5
ww	deepseek-8b	hand-crafted	act/31	0	4	8-16	all	15	0.1	0.2413793103448276	0.6551724137931034	0.08333333333333333	0.5
ww	deepseek-8b	hand-crafted	act/31	0	4	8-16	all	15	0.2	0.2413793103448276	0.6551724137931034	0.08333333333333333	0.5
ww	deepseek-8b	hand-crafted	act/31	0	4	8-16	all	15	0.3	0.2413793103448276	0.6551724137931034	0.08333333333333333	0.5
ww	deepseek-8b	hand-crafted	act/31	0	4	8-16	all	15	0.4	0.1724137931034483	0.5517241379310345	0.08333333333333333	0.5
ww	deepseek-8b	hand-crafted	act/31	0	4	8-16	all	15	0.5	0.1724137931034483	0.5517241379310345	0.08333333333333333	0.5
ww	deepseek-8b	hand-crafted	act/31	0	4	8-16	all	15	0.6	0.1724137931034483	0.5517241379310345	0.08333333333333333	0.5
ww	deepseek-8b	hand-crafted	act/31	0	4	8-16	all	15	0.7	0.1724137931034483	0.5517241379310345	0.0	0.5
ww	deepseek-8b	hand-crafted	act/31	0	4	8-16	all	15	0.8	0.1724137931034483	0.5517241379310345	0.0	0.5
ww	deepseek-8b	hand-crafted	act/31	0	4	8-16	all	15	0.9	0.1724137931034483	0.5517241379310345	0.0	0.5
ww	deepseek-8b	hand-crafted	act/31	0	4	8-16	all	15	1.0	0.1724137931034483	0.5517241379310345	0.0	0.5
traceelephant	qwen3.5-9b	magentic	act/23	0	2	6-8	4	15	0.0	0.21739130434782608	0.6304347826086957	0.16666666666666666	0.5555555555555556
traceelephant	qwen3.5-9b	magentic	act/23	0	2	6-8	4	15	0.1	0.21739130434782608	0.6521739130434783	0.1111111111111111	0.5
traceelephant	qwen3.5-9b	magentic	act/23	0	2	6-8	4	15	0.2	0.21739130434782608	0.6304347826086957	0.1111111111111111	0.5
traceelephant	qwen3.5-9b	magentic	act/23	0	2	6-8	4	15	0.3	0.21739130434782608	0.6304347826086957	0.05555555555555555	0.5
traceelephant	qwen3.5-9b	magentic	act/23	0	2	6-8	4	15	0.4	0.21739130434782608	0.6086956521739131	0.05555555555555555	0.5
traceelephant	qwen3.5-9b	magentic	act/23	0	2	6-8	4	15	0.5	0.21739130434782608	0.6304347826086957	0.05555555555555555	0.5
traceelephant	qwen3.5-9b	magentic	act/23	0	2	6-8	4	15	0.6	0.21739130434782608	0.6304347826086957	0.05555555555555555	0.5
traceelephant	qwen3.5-9b	magentic	act/23	0	2	6-8	4	15	0.7	0.21739130434782608	0.6521739130434783	0.05555555555555555	0.5
traceelephant	qwen3.5-9b	magentic	act/23	0	2	6-8	4	15	0.8	0.21739130434782608	0.6521739130434783	0.1111111111111111	0.5
traceelephant	qwen3.5-9b	magentic	act/23	0	2	6-8	4	15	0.9	0.2608695652173913	0.6739130434782609	0.1111111111111111	0.5
traceelephant	qwen3.5-9b	magentic	act/23	0	2	6-8	4	15	1.0	0.2826086956521739	0.6739130434782609	0.1111111111111111	0.5
traceelephant	qwen3.5-9b	magentic	act/23	0	2	6-8	4	16	0.0	0.21739130434782608	0.6521739130434783	0.1111111111111111	0.5555555555555556
traceelephant	qwen3.5-9b	magentic	act/23	0	2	6-8	4	16	0.1	0.21739130434782608	0.6086956521739131	0.1111111111111111	0.5555555555555556
traceelephant	qwen3.5-9b	magentic	act/23	0	2	6-8	4	16	0.2	0.21739130434782608	0.6304347826086957	0.1111111111111111	0.5
traceelephant	qwen3.5-9b	magentic	act/23	0	2	6-8	4	16	0.3	0.1956521739130435	0.6304347826086957	0.1111111111111111	0.5
traceelephant	qwen3.5-9b	magentic	act/23	0	2	6-8	4	16	0.4	0.1956521739130435	0.6739130434782609	0.05555555555555555	0.5
traceelephant	qwen3.5-9b	magentic	act/23	0	2	6-8	4	16	0.5	0.1956521739130435	0.6521739130434783	0.05555555555555555	0.5555555555555556
traceelephant	qwen3.5-9b	magentic	act/23	0	2	6-8	4	16	0.6	0.1956521739130435	0.6521739130434783	0.05555555555555555	0.5555555555555556
traceelephant	qwen3.5-9b	magentic	act/23	0	2	6-8	4	16	0.7	0.1956521739130435	0.6521739130434783	0.05555555555555555	0.5555555555555556
traceelephant	qwen3.5-9b	magentic	act/23	0	2	6-8	4	16	0.8	0.1956521739130435	0.6739130434782609	0.1111111111111111	0.5555555555555556
traceelephant	qwen3.5-9b	magentic	act/23	0	2	6-8	4	16	0.9	0.21739130434782608	0.6739130434782609	0.1111111111111111	0.5555555555555556
traceelephant	qwen3.5-9b	magentic	act/23	0	2	6-8	4	16	1.0	0.2391304347826087	0.6739130434782609	0.1111111111111111	0.5555555555555556
traceelephant	qwen3.5-9b	magentic	act/23	0	2	6-8	4	17	0.0	0.1956521739130435	0.5652173913043478	0.16666666666666666	0.4444444444444444
traceelephant	qwen3.5-9b	magentic	act/23	0	2	6-8	4	17	0.1	0.15217391304347827	0.5434782608695652	0.1111111111111111	0.4444444444444444
traceelephant	qwen3.5-9b	magentic	act/23	0	2	6-8	4	17	0.2	0.15217391304347827	0.5434782608695652	0.1111111111111111	0.5
traceelephant	qwen3.5-9b	magentic	act/23	0	2	6-8	4	17	0.3	0.15217391304347827	0.5652173913043478	0.1111111111111111	0.5
traceelephant	qwen3.5-9b	magentic	act/23	0	2	6-8	4	17	0.4	0.10869565217391304	0.5434782608695652	0.05555555555555555	0.4444444444444444
traceelephant	qwen3.5-9b	magentic	act/23	0	2	6-8	4	17	0.5	0.10869565217391304	0.5652173913043478	0.05555555555555555	0.4444444444444444
traceelephant	qwen3.5-9b	magentic	act/23	0	2	6-8	4	17	0.6	0.10869565217391304	0.5652173913043478	0.05555555555555555	0.4444444444444444
traceelephant	qwen3.5-9b	magentic	act/23	0	2	6-8	4	17	0.7	0.10869565217391304	0.5869565217391305	0.05555555555555555	0.5
traceelephant	qwen3.5-9b	magentic	act/23	0	2	6-8	4	17	0.8	0.13043478260869565	0.5869565217391305	0.05555555555555555	0.5
traceelephant	qwen3.5-9b	magentic	act/23	0	2	6-8	4	17	0.9	0.15217391304347827	0.6086956521739131	0.1111111111111111	0.5
traceelephant	qwen3.5-9b	magentic	act/23	0	2	6-8	4	17	1.0	0.17391304347826086	0.6086956521739131	0.1111111111111111	0.5
traceelephant	qwen3.5-9b	captain	act/23	0	3	6-8	5	22	0.0	0.32558139534883723	0.6046511627906976	0.11764705882352941	0.47058823529411764
traceelephant	qwen3.5-9b	captain	act/23	0	3	6-8	5	22	0.1	0.3488372093023256	0.627906976744186	0.058823529411764705	0.4117647058823529
traceelephant	qwen3.5-9b	captain	act/23	0	3	6-8	5	22	0.2	0.3488372093023256	0.627906976744186	0.058823529411764705	0.4117647058823529
traceelephant	qwen3.5-9b	captain	act/23	0	3	6-8	5	22	0.3	0.32558139534883723	0.627906976744186	0.058823529411764705	0.4117647058823529
traceelephant	qwen3.5-9b	captain	act/23	0	3	6-8	5	22	0.4	0.3023255813953488	0.627906976744186	0.058823529411764705	0.4117647058823529
traceelephant	qwen3.5-9b	captain	act/23	0	3	6-8	5	22	0.5	0.3023255813953488	0.627906976744186	0.058823529411764705	0.4117647058823529
traceelephant	qwen3.5-9b	captain	act/23	0	3	6-8	5	22	0.6	0.3023255813953488	0.6511627906976745	0.058823529411764705	0.4117647058823529
traceelephant	qwen3.5-9b	captain	act/23	0	3	6-8	5	22	0.7	0.3023255813953488	0.6511627906976745	0.058823529411764705	0.47058823529411764
traceelephant	qwen3.5-9b	captain	act/23	0	3	6-8	5	22	0.8	0.3023255813953488	0.6511627906976745	0.11764705882352941	0.47058823529411764
traceelephant	qwen3.5-9b	captain	act/23	0	3	6-8	5	22	0.9	0.3023255813953488	0.6511627906976745	0.11764705882352941	0.47058823529411764
traceelephant	qwen3.5-9b	captain	act/23	0	3	6-8	5	22	1.0	0.3023255813953488	0.6511627906976745	0.11764705882352941	0.47058823529411764
traceelephant	qwen3.5-9b	captain	act/23	0	3	6-8	5	23	0.0	0.3488372093023256	0.5581395348837209	0.17647058823529413	0.6470588235294118
traceelephant	qwen3.5-9b	captain	act/23	0	3	6-8	5	23	0.1	0.37209302325581395	0.5813953488372093	0.29411764705882354	0.7647058823529411
traceelephant	qwen3.5-9b	captain	act/23	0	3	6-8	5	23	0.2	0.3488372093023256	0.5581395348837209	0.29411764705882354	0.7647058823529411
traceelephant	qwen3.5-9b	captain	act/23	0	3	6-8	5	23	0.3	0.3023255813953488	0.5581395348837209	0.29411764705882354	0.7647058823529411
traceelephant	qwen3.5-9b	captain	act/23	0	3	6-8	5	23	0.4	0.27906976744186046	0.5581395348837209	0.29411764705882354	0.7647058823529411
traceelephant	qwen3.5-9b	captain	act/23	0	3	6-8	5	23	0.5	0.27906976744186046	0.5581395348837209	0.23529411764705882	0.7058823529411765
traceelephant	qwen3.5-9b	captain	act/23	0	3	6-8	5	23	0.6	0.27906976744186046	0.5581395348837209	0.23529411764705882	0.7058823529411765
traceelephant	qwen3.5-9b	captain	act/23	0	3	6-8	5	23	0.7	0.27906976744186046	0.5813953488372093	0.23529411764705882	0.7058823529411765
traceelephant	qwen3.5-9b	captain	act/23	0	3	6-8	5	23	0.8	0.27906976744186046	0.5813953488372093	0.23529411764705882	0.7058823529411765
traceelephant	qwen3.5-9b	captain	act/23	0	3	6-8	5	23	0.9	0.3023255813953488	0.5813953488372093	0.23529411764705882	0.7058823529411765
traceelephant	qwen3.5-9b	captain	act/23	0	3	6-8	5	23	1.0	0.3023255813953488	0.5813953488372093	0.23529411764705882	0.7058823529411765
traceelephant	qwen3.5-9b	captain	act/23	0	3	6-8	5	24	0.0	0.32558139534883723	0.5813953488372093	0.29411764705882354	0.5882352941176471
traceelephant	qwen3.5-9b	captain	act/23	0	3	6-8	5	24	0.1	0.3488372093023256	0.6046511627906976	0.29411764705882354	0.5882352941176471
traceelephant	qwen3.5-9b	captain	act/23	0	3	6-8	5	24	0.2	0.3488372093023256	0.6046511627906976	0.35294117647058826	0.6470588235294118
traceelephant	qwen3.5-9b	captain	act/23	0	3	6-8	5	24	0.3	0.3488372093023256	0.627906976744186	0.29411764705882354	0.6470588235294118
traceelephant	qwen3.5-9b	captain	act/23	0	3	6-8	5	24	0.4	0.3023255813953488	0.627906976744186	0.29411764705882354	0.6470588235294118
traceelephant	qwen3.5-9b	captain	act/23	0	3	6-8	5	24	0.5	0.27906976744186046	0.6046511627906976	0.29411764705882354	0.6470588235294118
traceelephant	qwen3.5-9b	captain	act/23	0	3	6-8	5	24	0.6	0.27906976744186046	0.627906976744186	0.29411764705882354	0.6470588235294118
traceelephant	qwen3.5-9b	captain	act/23	0	3	6-8	5	24	0.7	0.27906976744186046	0.627906976744186	0.29411764705882354	0.6470588235294118
traceelephant	qwen3.5-9b	captain	act/23	0	3	6-8	5	24	0.8	0.2558139534883721	0.627906976744186	0.29411764705882354	0.6470588235294118
traceelephant	qwen3.5-9b	captain	act/23	0	3	6-8	5	24	0.9	0.2558139534883721	0.627906976744186	0.29411764705882354	0.6470588235294118
traceelephant	qwen3.5-9b	captain	act/23	0	3	6-8	5	24	1.0	0.2558139534883721	0.627906976744186	0.35294117647058826	0.6470588235294118
traceelephant	deepseek-8b	magentic	act/10	0	4	24-32	1	15	0.0	0.30434782608695654	0.6304347826086957	0.16666666666666666	0.5
traceelephant	deepseek-8b	magentic	act/10	0	4	24-32	1	15	0.1	0.32608695652173914	0.6086956521739131	0.2222222222222222	0.5
traceelephant	deepseek-8b	magentic	act/10	0	4	24-32	1	15	0.2	0.30434782608695654	0.6086956521739131	0.2222222222222222	0.5
traceelephant	deepseek-8b	magentic	act/10	0	4	24-32	1	15	0.3	0.2608695652173913	0.5869565217391305	0.2777777777777778	0.5
traceelephant	deepseek-8b	magentic	act/10	0	4	24-32	1	15	0.4	0.2608695652173913	0.5869565217391305	0.2777777777777778	0.5
traceelephant	deepseek-8b	magentic	act/10	0	4	24-32	1	15	0.5	0.2608695652173913	0.5869565217391305	0.2777777777777778	0.5
traceelephant	deepseek-8b	magentic	act/10	0	4	24-32	1	15	0.6	0.2608695652173913	0.5869565217391305	0.2777777777777778	0.5
traceelephant	deepseek-8b	magentic	act/10	0	4	24-32	1	15	0.7	0.2608695652173913	0.5869565217391305	0.2777777777777778	0.5
traceelephant	deepseek-8b	magentic	act/10	0	4	24-32	1	15	0.8	0.2608695652173913	0.6086956521739131	0.2777777777777778	0.4444444444444444
traceelephant	deepseek-8b	magentic	act/10	0	4	24-32	1	15	0.9	0.2608695652173913	0.6086956521739131	0.2777777777777778	0.4444444444444444
traceelephant	deepseek-8b	magentic	act/10	0	4	24-32	1	15	1.0	0.2826086956521739	0.6304347826086957	0.2777777777777778	0.4444444444444444
traceelephant	deepseek-8b	magentic	act/10	0	4	24-32	1	16	0.0	0.30434782608695654	0.6304347826086957	0.16666666666666666	0.6111111111111112
traceelephant	deepseek-8b	magentic	act/10	0	4	24-32	1	16	0.1	0.2608695652173913	0.6521739130434783	0.2222222222222222	0.5555555555555556
traceelephant	deepseek-8b	magentic	act/10	0	4	24-32	1	16	0.2	0.2391304347826087	0.6521739130434783	0.16666666666666666	0.5555555555555556
traceelephant	deepseek-8b	magentic	act/10	0	4	24-32	1	16	0.3	0.2391304347826087	0.6521739130434783	0.2222222222222222	0.5555555555555556
traceelephant	deepseek-8b	magentic	act/10	0	4	24-32	1	16	0.4	0.21739130434782608	0.6521739130434783	0.2222222222222222	0.5555555555555556
traceelephant	deepseek-8b	magentic	act/10	0	4	24-32	1	16	0.5	0.21739130434782608	0.6304347826086957	0.2222222222222222	0.5555555555555556
traceelephant	deepseek-8b	magentic	act/10	0	4	24-32	1	16	0.6	0.21739130434782608	0.6304347826086957	0.2222222222222222	0.5555555555555556
traceelephant	deepseek-8b	magentic	act/10	0	4	24-32	1	16	0.7	0.21739130434782608	0.6304347826086957	0.2222222222222222	0.5555555555555556
traceelephant	deepseek-8b	magentic	act/10	0	4	24-32	1	16	0.8	0.21739130434782608	0.6304347826086957	0.2222222222222222	0.5555555555555556
traceelephant	deepseek-8b	magentic	act/10	0	4	24-32	1	16	0.9	0.21739130434782608	0.6521739130434783	0.2222222222222222	0.5555555555555556
traceelephant	deepseek-8b	magentic	act/10	0	4	24-32	1	16	1.0	0.1956521739130435	0.6521739130434783	0.2222222222222222	0.5555555555555556
traceelephant	deepseek-8b	magentic	act/10	0	4	24-32	1	17	0.0	0.2826086956521739	0.6086956521739131	0.16666666666666666	0.4444444444444444
traceelephant	deepseek-8b	magentic	act/10	0	4	24-32	1	17	0.1	0.32608695652173914	0.6086956521739131	0.1111111111111111	0.5
traceelephant	deepseek-8b	magentic	act/10	0	4	24-32	1	17	0.2	0.2608695652173913	0.5869565217391305	0.1111111111111111	0.5
traceelephant	deepseek-8b	magentic	act/10	0	4	24-32	1	17	0.3	0.21739130434782608	0.5869565217391305	0.16666666666666666	0.5
traceelephant	deepseek-8b	magentic	act/10	0	4	24-32	1	17	0.4	0.21739130434782608	0.5869565217391305	0.16666666666666666	0.4444444444444444
traceelephant	deepseek-8b	magentic	act/10	0	4	24-32	1	17	0.5	0.21739130434782608	0.5869565217391305	0.16666666666666666	0.4444444444444444
traceelephant	deepseek-8b	magentic	act/10	0	4	24-32	1	17	0.6	0.21739130434782608	0.5869565217391305	0.16666666666666666	0.4444444444444444
traceelephant	deepseek-8b	magentic	act/10	0	4	24-32	1	17	0.7	0.21739130434782608	0.5869565217391305	0.16666666666666666	0.4444444444444444
traceelephant	deepseek-8b	magentic	act/10	0	4	24-32	1	17	0.8	0.21739130434782608	0.5652173913043478	0.16666666666666666	0.4444444444444444
traceelephant	deepseek-8b	magentic	act/10	0	4	24-32	1	17	0.9	0.21739130434782608	0.5652173913043478	0.16666666666666666	0.4444444444444444
traceelephant	deepseek-8b	magentic	act/10	0	4	24-32	1	17	1.0	0.21739130434782608	0.5434782608695652	0.16666666666666666	0.4444444444444444
traceelephant	deepseek-8b	captain	act/31_normed	0	18	8-16	all	22	0.0	0.37209302325581395	0.6511627906976745	0.29411764705882354	0.47058823529411764
traceelephant	deepseek-8b	captain	act/31_normed	0	18	8-16	all	22	0.1	0.3953488372093023	0.6744186046511628	0.29411764705882354	0.47058823529411764
traceelephant	deepseek-8b	captain	act/31_normed	0	18	8-16	all	22	0.2	0.3953488372093023	0.6744186046511628	0.35294117647058826	0.47058823529411764
traceelephant	deepseek-8b	captain	act/31_normed	0	18	8-16	all	22	0.3	0.3953488372093023	0.6744186046511628	0.29411764705882354	0.47058823529411764
traceelephant	deepseek-8b	captain	act/31_normed	0	18	8-16	all	22	0.4	0.3953488372093023	0.6744186046511628	0.29411764705882354	0.47058823529411764
traceelephant	deepseek-8b	captain	act/31_normed	0	18	8-16	all	22	0.5	0.37209302325581395	0.6511627906976745	0.29411764705882354	0.4117647058823529
traceelephant	deepseek-8b	captain	act/31_normed	0	18	8-16	all	22	0.6	0.3488372093023256	0.627906976744186	0.29411764705882354	0.4117647058823529
traceelephant	deepseek-8b	captain	act/31_normed	0	18	8-16	all	22	0.7	0.32558139534883723	0.627906976744186	0.29411764705882354	0.47058823529411764
traceelephant	deepseek-8b	captain	act/31_normed	0	18	8-16	all	22	0.8	0.27906976744186046	0.6046511627906976	0.29411764705882354	0.47058823529411764
traceelephant	deepseek-8b	captain	act/31_normed	0	18	8-16	all	22	0.9	0.2558139534883721	0.6046511627906976	0.29411764705882354	0.5294117647058824
traceelephant	deepseek-8b	captain	act/31_normed	0	18	8-16	all	22	1.0	0.23255813953488372	0.5813953488372093	0.29411764705882354	0.5294117647058824
traceelephant	deepseek-8b	captain	act/31_normed	0	18	8-16	all	23	0.0	0.37209302325581395	0.6046511627906976	0.23529411764705882	0.7647058823529411
traceelephant	deepseek-8b	captain	act/31_normed	0	18	8-16	all	23	0.1	0.3953488372093023	0.6046511627906976	0.29411764705882354	0.8235294117647058
traceelephant	deepseek-8b	captain	act/31_normed	0	18	8-16	all	23	0.2	0.3953488372093023	0.6046511627906976	0.35294117647058826	0.8235294117647058
traceelephant	deepseek-8b	captain	act/31_normed	0	18	8-16	all	23	0.3	0.37209302325581395	0.6046511627906976	0.35294117647058826	0.8235294117647058
traceelephant	deepseek-8b	captain	act/31_normed	0	18	8-16	all	23	0.4	0.37209302325581395	0.6046511627906976	0.35294117647058826	0.8235294117647058
traceelephant	deepseek-8b	captain	act/31_normed	0	18	8-16	all	23	0.5	0.37209302325581395	0.5813953488372093	0.35294117647058826	0.8235294117647058
traceelephant	deepseek-8b	captain	act/31_normed	0	18	8-16	all	23	0.6	0.3488372093023256	0.5813953488372093	0.35294117647058826	0.8235294117647058
traceelephant	deepseek-8b	captain	act/31_normed	0	18	8-16	all	23	0.7	0.32558139534883723	0.5813953488372093	0.35294117647058826	0.8235294117647058
traceelephant	deepseek-8b	captain	act/31_normed	0	18	8-16	all	23	0.8	0.3023255813953488	0.5813953488372093	0.23529411764705882	0.7058823529411765
traceelephant	deepseek-8b	captain	act/31_normed	0	18	8-16	all	23	0.9	0.3023255813953488	0.6046511627906976	0.23529411764705882	0.7058823529411765
traceelephant	deepseek-8b	captain	act/31_normed	0	18	8-16	all	23	1.0	0.3023255813953488	0.6046511627906976	0.23529411764705882	0.7058823529411765
traceelephant	deepseek-8b	captain	act/31_normed	0	18	8-16	all	24	0.0	0.46511627906976744	0.6511627906976745	0.23529411764705882	0.5882352941176471
traceelephant	deepseek-8b	captain	act/31_normed	0	18	8-16	all	24	0.1	0.4883720930232558	0.6744186046511628	0.29411764705882354	0.6470588235294118
traceelephant	deepseek-8b	captain	act/31_normed	0	18	8-16	all	24	0.2	0.4883720930232558	0.6744186046511628	0.29411764705882354	0.5882352941176471
traceelephant	deepseek-8b	captain	act/31_normed	0	18	8-16	all	24	0.3	0.4883720930232558	0.6744186046511628	0.23529411764705882	0.5882352941176471
traceelephant	deepseek-8b	captain	act/31_normed	0	18	8-16	all	24	0.4	0.46511627906976744	0.627906976744186	0.23529411764705882	0.5882352941176471
traceelephant	deepseek-8b	captain	act/31_normed	0	18	8-16	all	24	0.5	0.46511627906976744	0.6046511627906976	0.23529411764705882	0.5882352941176471
traceelephant	deepseek-8b	captain	act/31_normed	0	18	8-16	all	24	0.6	0.4418604651162791	0.5813953488372093	0.23529411764705882	0.5882352941176471
traceelephant	deepseek-8b	captain	act/31_normed	0	18	8-16	all	24	0.7	0.3953488372093023	0.5581395348837209	0.23529411764705882	0.6470588235294118
traceelephant	deepseek-8b	captain	act/31_normed	0	18	8-16	all	24	0.8	0.37209302325581395	0.5581395348837209	0.23529411764705882	0.7058823529411765
traceelephant	deepseek-8b	captain	act/31_normed	0	18	8-16	all	24	0.9	0.37209302325581395	0.5581395348837209	0.23529411764705882	0.7058823529411765
traceelephant	deepseek-8b	captain	act/31_normed	0	18	8-16	all	24	1.0	0.32558139534883723	0.5348837209302325	0.23529411764705882	0.7058823529411765
